"year","artist.inverted","track","time","genre","date.entered","date.peaked","x1st.week","x2nd.week","x3rd.week","x4th.week","x5th.week","x6th.week","x7th.week","x8th.week","x9th.week","x10th.week","x11th.week","x12th.week","x13th.week","x14th.week","x15th.week","x16th.week","x17th.week","x18th.week","x19th.week","x20th.week","x21st.week","x22nd.week","x23rd.week","x24th.week","x25th.week","x26th.week","x27th.week","x28th.week","x29th.week","x30th.week","x31st.week","x32nd.week","x33rd.week","x34th.week","x35th.week","x36th.week","x37th.week","x38th.week","x39th.week","x40th.week","x41st.week","x42nd.week","x43rd.week","x44th.week","x45th.week","x46th.week","x47th.week","x48th.week","x49th.week","x50th.week","x51st.week","x52nd.week","x53rd.week","x54th.week","x55th.week","x56th.week","x57th.week","x58th.week","x59th.week","x60th.week","x61st.week","x62nd.week","x63rd.week","x64th.week","x65th.week","x66th.week","x67th.week","x68th.week","x69th.week","x70th.week","x71st.week","x72nd.week","x73rd.week","x74th.week","x75th.week","x76th.week"
2000,"Destiny's Child","Independent Women Part I","3:38","Rock","2000-09-23","2000-11-18",78,63,49,33,23,15,7,5,1,1,1,1,1,1,1,1,1,1,1,2,3,7,10,12,"15","22","29",31,NA,NA,NA,NA,NA,NA,NA,NA,NA,NA,NA,NA,NA,NA,NA,NA,NA,NA,NA,NA,NA,NA,NA,NA,NA,NA,NA,NA,NA,NA,NA,NA,NA,NA,NA,NA,NA,NA,NA,NA,NA,NA,NA,NA,NA,NA,NA,NA
2000,"Santana","Maria, Maria","4:18","Rock","2000-02-12","2000-04-08",15,8,6,5,2,3,2,2,1,1,1,1,1,1,1,1,1,1,8,15,19,21,26,36,"48","47","",NA,NA,NA,NA,NA,NA,NA,NA,NA,NA,NA,NA,NA,NA,NA,NA,NA,NA,NA,NA,NA,NA,NA,NA,NA,NA,NA,NA,NA,NA,NA,NA,NA,NA,NA,NA,NA,NA,NA,NA,NA,NA,NA,NA,NA,NA,NA,NA,NA
2000,"Savage Garden","I Knew I Loved You","4:07","Rock","1999-10-23","2000-01-29",71,48,43,31,20,13,7,6,4,4,4,6,4,2,1,1,1,2,1,2,4,8,8,12,"14","17","21",24,30,34,37,46,47,NA,NA,NA,NA,NA,NA,NA,NA,NA,NA,NA,NA,NA,NA,NA,NA,NA,NA,NA,NA,NA,NA,NA,NA,NA,NA,NA,NA,NA,NA,NA,NA,NA,NA,NA,NA,NA,NA,NA,NA,NA,NA,NA
2000,"Madonna","Music","3:45","Rock","2000-08-12","2000-09-16",41,23,18,14,2,1,1,1,1,2,2,2,2,2,4,8,11,16,20,25,27,27,29,44,"","","",NA,NA,NA,NA,NA,NA,NA,NA,NA,NA,NA,NA,NA,NA,NA,NA,NA,NA,NA,NA,NA,NA,NA,NA,NA,NA,NA,NA,NA,NA,NA,NA,NA,NA,NA,NA,NA,NA,NA,NA,NA,NA,NA,NA,NA,NA,NA,NA,NA
2000,"Aguilera, Christina","Come On Over Baby (All I Want Is You)","3:38","Rock","2000-08-05","2000-10-14",57,47,45,29,23,18,11,9,9,11,1,1,1,1,4,8,12,22,23,43,44,NA,NA,NA,"","","",NA,NA,NA,NA,NA,NA,NA,NA,NA,NA,NA,NA,NA,NA,NA,NA,NA,NA,NA,NA,NA,NA,NA,NA,NA,NA,NA,NA,NA,NA,NA,NA,NA,NA,NA,NA,NA,NA,NA,NA,NA,NA,NA,NA,NA,NA,NA,NA,NA
2000,"Janet","Doesn't Really Matter","4:17","Rock","2000-06-17","2000-08-26",59,52,43,30,29,22,15,10,10,5,1,1,1,2,2,3,3,7,8,20,25,37,40,41,"","","",NA,NA,NA,NA,NA,NA,NA,NA,NA,NA,NA,NA,NA,NA,NA,NA,NA,NA,NA,NA,NA,NA,NA,NA,NA,NA,NA,NA,NA,NA,NA,NA,NA,NA,NA,NA,NA,NA,NA,NA,NA,NA,NA,NA,NA,NA,NA,NA,NA
2000,"Destiny's Child","Say My Name","4:31","Rock","1999-12-25","2000-03-18",83,83,44,38,16,13,16,16,16,18,17,14,1,1,1,2,2,3,5,5,5,7,10,13,"14","18","23",23,34,37,43,47,NA,NA,NA,NA,NA,NA,NA,NA,NA,NA,NA,NA,NA,NA,NA,NA,NA,NA,NA,NA,NA,NA,NA,NA,NA,NA,NA,NA,NA,NA,NA,NA,NA,NA,NA,NA,NA,NA,NA,NA,NA,NA,NA,NA
2000,"Iglesias, Enrique","Be With You","3:36","Latin","2000-04-01","2000-06-24",63,45,34,23,17,12,9,8,8,6,5,4,1,1,1,3,11,14,24,28,NA,NA,NA,NA,"","","",NA,NA,NA,NA,NA,NA,NA,NA,NA,NA,NA,NA,NA,NA,NA,NA,NA,NA,NA,NA,NA,NA,NA,NA,NA,NA,NA,NA,NA,NA,NA,NA,NA,NA,NA,NA,NA,NA,NA,NA,NA,NA,NA,NA,NA,NA,NA,NA,NA
2000,"Sisqo","Incomplete","3:52","Rock","2000-06-24","2000-08-12",77,66,61,61,61,55,2,1,1,2,2,4,5,5,7,8,10,10,9,14,17,20,25,31,"32","46","",NA,NA,NA,NA,NA,NA,NA,NA,NA,NA,NA,NA,NA,NA,NA,NA,NA,NA,NA,NA,NA,NA,NA,NA,NA,NA,NA,NA,NA,NA,NA,NA,NA,NA,NA,NA,NA,NA,NA,NA,NA,NA,NA,NA,NA,NA,NA,NA,NA
2000,"Lonestar","Amazed","4:25","Country","1999-06-05","2000-03-04",81,54,44,39,38,33,29,29,32,27,26,24,27,32,33,35,35,40,43,50,NA,NA,NA,NA,"","","",NA,NA,45,45,45,23,17,14,17,18,18,3,1,1,2,3,4,4,5,6,8,9,10,12,15,20,22,22,25,26,31,32,37,42,42,45,50,NA,NA,NA,NA,NA,NA,NA,NA,NA,NA,NA,NA
2000,"N'Sync","It's Gonna Be Me","3:10","Rock","2000-05-06","2000-07-29",82,70,51,39,26,19,15,9,7,7,5,4,1,1,3,4,6,10,13,15,18,23,28,38,"48","","",NA,NA,NA,NA,NA,NA,NA,NA,NA,NA,NA,NA,NA,NA,NA,NA,NA,NA,NA,NA,NA,NA,NA,NA,NA,NA,NA,NA,NA,NA,NA,NA,NA,NA,NA,NA,NA,NA,NA,NA,NA,NA,NA,NA,NA,NA,NA,NA,NA
2000,"Aguilera, Christina","What A Girl Wants","3:18","Rock","1999-11-27","2000-01-15",71,51,28,18,13,13,11,1,1,2,2,3,3,4,12,11,13,15,18,20,30,40,39,44,"","","",NA,NA,NA,NA,NA,NA,NA,NA,NA,NA,NA,NA,NA,NA,NA,NA,NA,NA,NA,NA,NA,NA,NA,NA,NA,NA,NA,NA,NA,NA,NA,NA,NA,NA,NA,NA,NA,NA,NA,NA,NA,NA,NA,NA,NA,NA,NA,NA,NA
2000,"Vertical Horizon","Everything You Want","4:01","Rock","2000-01-22","2000-07-15",70,61,53,46,40,33,31,26,22,19,17,15,13,9,9,8,8,6,7,7,8,3,3,6,"6","1","2",3,4,7,9,10,18,20,27,29,36,40,50,47,50,NA,NA,NA,NA,NA,NA,NA,NA,NA,NA,NA,NA,NA,NA,NA,NA,NA,NA,NA,NA,NA,NA,NA,NA,NA,NA,NA,NA,NA,NA,NA,NA,NA,NA,NA
2000,"Creed","With Arms Wide Open","3:52","Rock","2000-05-13","2000-11-11",84,78,76,74,70,68,74,75,69,74,70,79,84,86,76,62,45,29,19,11,10,7,5,3,"3","3","1",2,2,3,3,3,4,5,5,5,5,9,12,13,13,17,22,26,28,37,41,NA,NA,NA,NA,NA,NA,NA,NA,NA,NA,NA,NA,NA,NA,NA,NA,NA,NA,NA,NA,NA,NA,NA,NA,NA,NA,NA,NA,NA
2000,"Aaliyah","Try Again","4:03","Rock","2000-03-18","2000-06-17",59,53,38,28,21,18,16,14,12,10,9,8,6,1,2,2,2,2,3,4,5,5,6,9,"13","14","16",23,22,33,36,43,NA,NA,NA,NA,NA,NA,NA,NA,NA,NA,NA,NA,NA,NA,NA,NA,NA,NA,NA,NA,NA,NA,NA,NA,NA,NA,NA,NA,NA,NA,NA,NA,NA,NA,NA,NA,NA,NA,NA,NA,NA,NA,NA,NA
2000,"matchbox twenty","Bent","4:12","Rock","2000-04-29","2000-07-22",60,37,29,24,22,21,18,16,13,12,8,6,1,2,3,2,2,3,4,5,4,4,6,9,"12","13","19",20,20,24,29,28,27,30,33,37,38,38,48,NA,NA,NA,NA,NA,NA,NA,NA,NA,NA,NA,NA,NA,NA,NA,NA,NA,NA,NA,NA,NA,NA,NA,NA,NA,NA,NA,NA,NA,NA,NA,NA,NA,NA,NA,NA,NA
2000,"Carey, Mariah","Thank God I Found You","4:14","Rock","1999-12-11","2000-02-19",82,68,50,50,41,37,26,22,22,2,1,2,4,13,21,28,43,57,82,89,NA,NA,NA,NA,"","","",NA,NA,NA,NA,NA,NA,NA,NA,NA,NA,NA,NA,NA,NA,NA,NA,NA,NA,NA,NA,NA,NA,NA,NA,NA,NA,NA,NA,NA,NA,NA,NA,NA,NA,NA,NA,NA,NA,NA,NA,NA,NA,NA,NA,NA,NA,NA,NA,NA
2000,"Hill, Faith","Breathe","4:04","Rap","1999-11-06","2000-04-22",81,68,62,51,42,35,28,28,28,43,30,23,23,21,21,21,5,3,3,4,4,3,3,3,"2","2","3",3,2,2,3,4,2,5,8,11,13,14,18,22,23,22,24,30,31,31,38,39,42,49,49,48,47,NA,NA,NA,NA,NA,NA,NA,NA,NA,NA,NA,NA,NA,NA,NA,NA,NA,NA,NA,NA,NA,NA,NA
2000,"Mya","Case Of The Ex (Whatcha Gonna Do)","3:50","Rock","2000-08-19","2000-12-02",72,57,52,47,42,31,24,18,17,17,17,10,9,9,7,2,2,2,3,4,4,4,4,8,"11","15","19",24,23,35,NA,NA,NA,NA,NA,NA,NA,NA,NA,NA,NA,NA,NA,NA,NA,NA,NA,NA,NA,NA,NA,NA,NA,NA,NA,NA,NA,NA,NA,NA,NA,NA,NA,NA,NA,NA,NA,NA,NA,NA,NA,NA,NA,NA,NA,NA
2000,"Dream","He Loves U Not","3:43","Rock","2000-09-30","2000-12-30",99,92,81,59,47,42,32,27,18,18,11,8,5,2,2,3,3,3,7,9,10,11,10,19,"23","28","38",46,NA,NA,NA,NA,NA,NA,NA,NA,NA,NA,NA,NA,NA,NA,NA,NA,NA,NA,NA,NA,NA,NA,NA,NA,NA,NA,NA,NA,NA,NA,NA,NA,NA,NA,NA,NA,NA,NA,NA,NA,NA,NA,NA,NA,NA,NA,NA,NA
2000,"Braxton, Toni","He Wasn't Man Enough","4:21","Rock","2000-03-18","2000-05-06",63,55,48,39,35,24,3,2,2,4,4,5,11,12,16,15,14,14,12,10,11,13,13,13,"15","16","14",13,17,19,23,29,37,33,34,41,48,NA,NA,NA,NA,NA,NA,NA,NA,NA,NA,NA,NA,NA,NA,NA,NA,NA,NA,NA,NA,NA,NA,NA,NA,NA,NA,NA,NA,NA,NA,NA,NA,NA,NA,NA,NA,NA,NA,NA
2000,"Anthony, Marc","You Sang To Me","3:50","Latin","2000-02-26","2000-06-03",77,54,50,43,30,27,21,18,15,13,13,13,13,5,2,2,5,7,9,12,12,16,20,20,"22","25","26",29,35,33,40,44,NA,NA,NA,NA,NA,NA,NA,NA,NA,NA,NA,NA,NA,NA,NA,NA,NA,NA,NA,NA,NA,NA,NA,NA,NA,NA,NA,NA,NA,NA,NA,NA,NA,NA,NA,NA,NA,NA,NA,NA,NA,NA,NA,NA
2000,"98�","Give Me Just One Night (Una Noche)","3:24","Rock","2000-08-19","2000-09-30",51,39,34,26,26,19,2,2,3,6,7,22,29,36,47,67,66,84,93,94,NA,NA,NA,NA,"","","",NA,NA,NA,NA,NA,NA,NA,NA,NA,NA,NA,NA,NA,NA,NA,NA,NA,NA,NA,NA,NA,NA,NA,NA,NA,NA,NA,NA,NA,NA,NA,NA,NA,NA,NA,NA,NA,NA,NA,NA,NA,NA,NA,NA,NA,NA,NA,NA,NA
2000,"Destiny's Child","Jumpin' Jumpin'","3:48","Rock","2000-05-13","2000-08-19",74,71,65,62,57,50,40,37,22,18,13,8,6,4,3,4,3,3,3,3,4,4,6,7,"6","8","10",15,24,30,35,39,NA,NA,NA,NA,NA,NA,NA,NA,NA,NA,NA,NA,NA,NA,NA,NA,NA,NA,NA,NA,NA,NA,NA,NA,NA,NA,NA,NA,NA,NA,NA,NA,NA,NA,NA,NA,NA,NA,NA,NA,NA,NA,NA,NA
2000,"3 Doors Down","Kryptonite","3:53","Rock","2000-04-08","2000-11-11",81,70,68,67,66,57,54,53,51,51,51,51,47,44,38,28,22,18,18,14,12,7,6,6,"6","5","5",4,4,4,4,3,3,3,4,5,5,9,9,15,14,13,14,16,17,21,22,24,28,33,42,42,49,NA,NA,NA,NA,NA,NA,NA,NA,NA,NA,NA,NA,NA,NA,NA,NA,NA,NA,NA,NA,NA,NA,NA
2000,"Sisqo","Thong Song","4:05","Rock","2000-01-29","2000-05-20",74,63,35,26,26,23,20,16,13,10,6,6,5,4,4,4,3,3,4,3,7,8,13,17,"24","31","43",46,NA,NA,NA,NA,NA,NA,NA,NA,NA,NA,NA,NA,NA,NA,NA,NA,NA,NA,NA,NA,NA,NA,NA,NA,NA,NA,NA,NA,NA,NA,NA,NA,NA,NA,NA,NA,NA,NA,NA,NA,NA,NA,NA,NA,NA,NA,NA,NA
2000,"Aguilera, Christina","I Turn To You","4:00","Rock","2000-04-15","2000-07-01",50,39,30,28,21,19,20,17,17,17,17,3,3,7,10,17,25,29,29,40,43,50,NA,NA,"","","",NA,NA,NA,NA,NA,NA,NA,NA,NA,NA,NA,NA,NA,NA,NA,NA,NA,NA,NA,NA,NA,NA,NA,NA,NA,NA,NA,NA,NA,NA,NA,NA,NA,NA,NA,NA,NA,NA,NA,NA,NA,NA,NA,NA,NA,NA,NA,NA,NA
2000,"Houston, Whitney","My Love Is Your Love","4:16","Rock","1999-09-04","2000-01-08",81,68,44,16,11,9,8,7,8,7,8,8,6,6,5,5,5,5,4,6,10,10,11,20,"22","27","34",49,NA,NA,NA,NA,NA,NA,NA,NA,NA,NA,NA,NA,NA,NA,NA,NA,NA,NA,NA,NA,NA,NA,NA,NA,NA,NA,NA,NA,NA,NA,NA,NA,NA,NA,NA,NA,NA,NA,NA,NA,NA,NA,NA,NA,NA,NA,NA,NA
2000,"Joe","I Wanna Know","4:57","Rock","2000-01-01","2000-07-01",94,86,69,50,41,33,32,28,28,27,27,25,23,20,17,15,14,11,11,14,11,11,10,12,"10","6","4",5,4,5,5,7,6,8,5,6,9,9,8,14,16,20,32,45,NA,NA,NA,NA,NA,NA,NA,NA,NA,NA,NA,NA,NA,NA,NA,NA,NA,NA,NA,NA,NA,NA,NA,NA,NA,NA,NA,NA,NA,NA,NA,NA
2000,"Jordan, Montell","Get It On.. Tonite","4:34","Rap","1999-10-23","2000-02-12",92,80,72,69,67,61,54,43,38,24,24,20,19,15,15,5,4,4,7,10,5,9,9,7,"9","10","10",15,18,23,30,42,NA,NA,NA,NA,NA,NA,NA,NA,NA,NA,NA,NA,NA,NA,NA,NA,NA,NA,NA,NA,NA,NA,NA,NA,NA,NA,NA,NA,NA,NA,NA,NA,NA,NA,NA,NA,NA,NA,NA,NA,NA,NA,NA,NA
2000,"N'Sync","Bye Bye Bye","3:15","Rock","2000-01-29","2000-04-15",42,20,19,14,13,7,6,5,5,5,5,4,4,6,6,7,9,12,18,20,27,34,40,NA,"","","",NA,NA,NA,NA,NA,NA,NA,NA,NA,NA,NA,NA,NA,NA,NA,NA,NA,NA,NA,NA,NA,NA,NA,NA,NA,NA,NA,NA,NA,NA,NA,NA,NA,NA,NA,NA,NA,NA,NA,NA,NA,NA,NA,NA,NA,NA,NA,NA,NA
2000,"Eminem","The Real Slim Shady","4:42","Rap","2000-05-06","2000-06-24",70,32,20,16,11,7,6,4,5,4,8,9,16,30,49,68,83,88,98,NA,NA,NA,NA,NA,"","","",NA,NA,NA,NA,NA,NA,NA,NA,NA,NA,NA,NA,NA,NA,NA,NA,NA,NA,NA,NA,NA,NA,NA,NA,NA,NA,NA,NA,NA,NA,NA,NA,NA,NA,NA,NA,NA,NA,NA,NA,NA,NA,NA,NA,NA,NA,NA,NA,NA
2000,"Pink","Most Girls","4:06","Rock","2000-08-12","2000-11-25",85,70,52,36,27,21,15,13,12,8,5,5,5,6,5,4,6,8,11,14,14,16,18,21,"26","39","46",NA,NA,NA,NA,NA,NA,NA,NA,NA,NA,NA,NA,NA,NA,NA,NA,NA,NA,NA,NA,NA,NA,NA,NA,NA,NA,NA,NA,NA,NA,NA,NA,NA,NA,NA,NA,NA,NA,NA,NA,NA,NA,NA,NA,NA,NA,NA,NA,NA
2000,"Mumba, Samantha","Gotta Tell You","3:19","Rock","2000-09-09","2000-12-09",85,72,65,49,39,25,20,10,9,8,6,5,7,4,6,7,13,17,17,23,29,36,NA,NA,"","","",NA,NA,NA,NA,NA,NA,NA,NA,NA,NA,NA,NA,NA,NA,NA,NA,NA,NA,NA,NA,NA,NA,NA,NA,NA,NA,NA,NA,NA,NA,NA,NA,NA,NA,NA,NA,NA,NA,NA,NA,NA,NA,NA,NA,NA,NA,NA,NA,NA
2000,"Blaque","Bring It All To Me","3:46","Pop","1999-10-23","2000-01-22",73,63,50,42,24,19,17,14,11,9,9,9,10,5,5,6,8,9,15,15,18,17,18,19,"19","22","26",32,42,NA,NA,NA,NA,NA,NA,NA,NA,NA,NA,NA,NA,NA,NA,NA,NA,NA,NA,NA,NA,NA,NA,NA,NA,NA,NA,NA,NA,NA,NA,NA,NA,NA,NA,NA,NA,NA,NA,NA,NA,NA,NA,NA,NA,NA,NA,NA
2000,"Elliott, Missy ""Misdemeanor""","Hot Boyz","3:51","Rap","1999-11-27","2000-01-08",36,21,13,9,7,7,5,7,7,7,8,11,7,10,11,12,15,17,23,30,38,NA,NA,NA,"","","",NA,NA,NA,NA,NA,NA,NA,NA,NA,NA,NA,NA,NA,NA,NA,NA,NA,NA,NA,NA,NA,NA,NA,NA,NA,NA,NA,NA,NA,NA,NA,NA,NA,NA,NA,NA,NA,NA,NA,NA,NA,NA,NA,NA,NA,NA,NA,NA,NA
2000,"Gray, Macy","I Try","3:52","Rock","2000-02-19","2000-05-20",68,51,47,36,30,20,15,12,8,7,7,7,6,5,6,9,10,11,14,16,16,16,21,27,"34","40","46",NA,NA,NA,NA,NA,NA,NA,NA,NA,NA,NA,NA,NA,NA,NA,NA,NA,NA,NA,NA,NA,NA,NA,NA,NA,NA,NA,NA,NA,NA,NA,NA,NA,NA,NA,NA,NA,NA,NA,NA,NA,NA,NA,NA,NA,NA,NA,NA,NA
2000,"N'Sync","This I Promise You","4:23","Rock","2000-09-30","2000-12-02",68,31,19,15,11,6,7,7,6,5,6,7,10,12,11,9,11,12,20,22,26,30,30,39,"41","49","",NA,NA,NA,NA,NA,NA,NA,NA,NA,NA,NA,NA,NA,NA,NA,NA,NA,NA,NA,NA,NA,NA,NA,NA,NA,NA,NA,NA,NA,NA,NA,NA,NA,NA,NA,NA,NA,NA,NA,NA,NA,NA,NA,NA,NA,NA,NA,NA,NA
2000,"Ruff Endz","No More","3:56","Rock","2000-07-01","2000-09-02",76,38,19,17,12,15,12,10,7,5,8,8,10,12,14,15,19,23,21,18,19,22,23,24,"33","38","",NA,NA,NA,NA,NA,NA,NA,NA,NA,NA,NA,NA,NA,NA,NA,NA,NA,NA,NA,NA,NA,NA,NA,NA,NA,NA,NA,NA,NA,NA,NA,NA,NA,NA,NA,NA,NA,NA,NA,NA,NA,NA,NA,NA,NA,NA,NA,NA,NA
2000,"Backstreet Boys, The","Show Me The Meaning Of Being Lonely","3:54","Rock","2000-01-01","2000-03-18",74,62,55,25,16,14,12,10,12,9,7,6,6,6,8,9,13,19,23,26,32,34,45,47,"","","",NA,NA,NA,NA,NA,NA,NA,NA,NA,NA,NA,NA,NA,NA,NA,NA,NA,NA,NA,NA,NA,NA,NA,NA,NA,NA,NA,NA,NA,NA,NA,NA,NA,NA,NA,NA,NA,NA,NA,NA,NA,NA,NA,NA,NA,NA,NA,NA,NA
2000,"Nine Days","Absolutely (Story Of A Girl)","3:09","Rock","2000-05-06","2000-07-22",85,71,59,52,39,34,26,20,17,13,11,6,6,8,8,7,8,9,11,12,14,18,26,30,"36","41","48",NA,NA,NA,NA,NA,NA,NA,NA,NA,NA,NA,NA,NA,NA,NA,NA,NA,NA,NA,NA,NA,NA,NA,NA,NA,NA,NA,NA,NA,NA,NA,NA,NA,NA,NA,NA,NA,NA,NA,NA,NA,NA,NA,NA,NA,NA,NA,NA,NA
2000,"Dion, Celine","That's The Way It Is","4:03","Rock","1999-11-13","2000-03-04",74,68,65,49,44,34,30,30,17,14,11,8,9,10,11,11,6,8,7,7,9,10,14,16,"26","31","35",42,NA,NA,NA,NA,NA,NA,NA,NA,NA,NA,NA,NA,NA,NA,NA,NA,NA,NA,NA,NA,NA,NA,NA,NA,NA,NA,NA,NA,NA,NA,NA,NA,NA,NA,NA,NA,NA,NA,NA,NA,NA,NA,NA,NA,NA,NA,NA,NA
2000,"Blink-182","All The Small Things","2:52","Rock","1999-12-04","2000-02-19",89,76,69,59,59,51,50,35,26,15,7,6,8,8,9,11,14,16,18,23,33,41,43,NA,"","","",NA,NA,NA,NA,NA,NA,NA,NA,NA,NA,NA,NA,NA,NA,NA,NA,NA,NA,NA,NA,NA,NA,NA,NA,NA,NA,NA,NA,NA,NA,NA,NA,NA,NA,NA,NA,NA,NA,NA,NA,NA,NA,NA,NA,NA,NA,NA,NA,NA
2000,"Eiffel 65","Blue (Da Ba Dee)","3:29","Electronica","1999-12-11","2000-01-29",67,29,16,16,13,11,9,6,7,9,13,19,21,24,32,42,56,60,76,88,NA,NA,NA,NA,"","","",NA,NA,NA,NA,NA,NA,NA,NA,NA,NA,NA,NA,NA,NA,NA,NA,NA,NA,NA,NA,NA,NA,NA,NA,NA,NA,NA,NA,NA,NA,NA,NA,NA,NA,NA,NA,NA,NA,NA,NA,NA,NA,NA,NA,NA,NA,NA,NA,NA
2000,"Badu, Erkyah","Bag Lady","5:03","Rock","2000-08-19","2000-10-07",67,53,42,41,48,42,34,6,9,9,8,11,15,21,26,29,26,38,56,66,NA,NA,NA,NA,"","","",NA,NA,NA,NA,NA,NA,NA,NA,NA,NA,NA,NA,NA,NA,NA,NA,NA,NA,NA,NA,NA,NA,NA,NA,NA,NA,NA,NA,NA,NA,NA,NA,NA,NA,NA,NA,NA,NA,NA,NA,NA,NA,NA,NA,NA,NA,NA,NA,NA
2000,"Pink","There U Go","3:23","Rock","2000-03-04","2000-04-08",25,15,12,11,11,7,7,12,14,15,15,17,19,16,15,14,12,10,10,10,8,9,12,16,"20","22","33",39,39,41,46,44,NA,NA,NA,NA,NA,NA,NA,NA,NA,NA,NA,NA,NA,NA,NA,NA,NA,NA,NA,NA,NA,NA,NA,NA,NA,NA,NA,NA,NA,NA,NA,NA,NA,NA,NA,NA,NA,NA,NA,NA,NA,NA,NA,NA
2000,"Creed","Higher","5:16","Rock","1999-09-11","2000-07-22",81,77,73,63,61,58,56,52,56,57,57,57,57,57,60,61,61,57,60,61,NA,NA,NA,NA,"","","",NA,43,41,34,28,25,23,22,16,16,18,14,13,13,11,11,9,9,7,7,9,9,12,14,16,17,17,21,26,29,32,39,39,43,47,50,50,49,NA,NA,NA,NA,NA,NA,NA,NA,NA,NA,NA
2000,"Nelly","(Hot S**t) Country Grammar","4:17","Rap","2000-04-29","2000-09-16",100,99,96,76,55,37,24,24,30,36,37,30,23,21,17,17,15,11,11,10,7,7,8,10,"11","12","12",17,19,23,33,37,36,49,NA,NA,NA,NA,NA,NA,NA,NA,NA,NA,NA,NA,NA,NA,NA,NA,NA,NA,NA,NA,NA,NA,NA,NA,NA,NA,NA,NA,NA,NA,NA,NA,NA,NA,NA,NA,NA,NA,NA,NA,NA,NA
2000,"Next","Wifey","4:03","Rock","2000-05-27","2000-09-09",85,61,46,40,36,31,25,22,25,24,21,20,19,19,8,7,10,12,21,25,35,NA,NA,NA,"","","",NA,NA,NA,NA,NA,NA,NA,NA,NA,NA,NA,NA,NA,NA,NA,NA,NA,NA,NA,NA,NA,NA,NA,NA,NA,NA,NA,NA,NA,NA,NA,NA,NA,NA,NA,NA,NA,NA,NA,NA,NA,NA,NA,NA,NA,NA,NA,NA,NA
2000,"Kenny G","Auld Lang Syne (The Millenium Mix)","7:50","Jazz","1999-12-25","2000-01-08",89,89,7,8,66,NA,NA,NA,NA,NA,NA,NA,NA,NA,NA,NA,NA,NA,NA,NA,NA,NA,NA,NA,"","","",NA,NA,NA,NA,NA,NA,NA,NA,NA,NA,NA,NA,NA,NA,NA,NA,NA,NA,NA,NA,NA,NA,NA,NA,NA,NA,NA,NA,NA,NA,NA,NA,NA,NA,NA,NA,NA,NA,NA,NA,NA,NA,NA,NA,NA,NA,NA,NA,NA
2000,"Sonique","It Feels So Good","3:48","Rock","2000-01-22","2000-04-22",67,52,30,23,19,17,16,16,14,12,13,13,11,8,10,10,11,14,17,19,21,31,38,49,NA,NA,NA,NA,NA,NA,NA,NA,NA,NA,NA,NA,NA,NA,NA,NA,NA,NA,NA,NA,NA,NA,NA,NA,NA,NA,NA,NA,NA,NA,NA,NA,NA,NA,NA,NA,NA,NA,NA,NA,NA,NA,NA,NA,NA,NA,NA,NA,NA,NA,NA,NA
2000,"Spears, Britney","Oops!.. I Did It Again","3:30","Rock","2000-04-22","2000-06-10",67,38,26,19,15,13,12,9,9,10,14,15,17,24,35,49,77,85,90,96,NA,NA,NA,NA,"","","",NA,NA,NA,NA,NA,NA,NA,NA,NA,NA,NA,NA,NA,NA,NA,NA,NA,NA,NA,NA,NA,NA,NA,NA,NA,NA,NA,NA,NA,NA,NA,NA,NA,NA,NA,NA,NA,NA,NA,NA,NA,NA,NA,NA,NA,NA,NA,NA,NA
2000,"Backstreet Boys, The","Shape Of My Heart","3:49","Rock","2000-10-14","2000-12-02",39,25,24,15,12,12,10,9,10,12,17,19,29,26,24,31,52,63,62,70,NA,NA,NA,NA,"","","",NA,NA,NA,NA,NA,NA,NA,NA,NA,NA,NA,NA,NA,NA,NA,NA,NA,NA,NA,NA,NA,NA,NA,NA,NA,NA,NA,NA,NA,NA,NA,NA,NA,NA,NA,NA,NA,NA,NA,NA,NA,NA,NA,NA,NA,NA,NA,NA,NA
2000,"Everclear","Wonderful","4:30","Rock","2000-07-08","2000-09-30",77,69,53,37,33,25,24,23,22,25,28,25,11,13,13,11,18,28,36,39,45,NA,NA,NA,"","","",NA,NA,NA,NA,NA,NA,NA,NA,NA,NA,NA,NA,NA,NA,NA,NA,NA,NA,NA,NA,NA,NA,NA,NA,NA,NA,NA,NA,NA,NA,NA,NA,NA,NA,NA,NA,NA,NA,NA,NA,NA,NA,NA,NA,NA,NA,NA,NA,NA
2000,"Ja Rule","Between Me And You","4:05","Rap","2000-09-16","2000-11-18",85,74,61,37,27,22,22,16,14,11,11,14,17,18,18,21,30,30,42,53,NA,NA,NA,NA,"","","",NA,NA,NA,NA,NA,NA,NA,NA,NA,NA,NA,NA,NA,NA,NA,NA,NA,NA,NA,NA,NA,NA,NA,NA,NA,NA,NA,NA,NA,NA,NA,NA,NA,NA,NA,NA,NA,NA,NA,NA,NA,NA,NA,NA,NA,NA,NA,NA,NA
2000,"Rimes, LeAnn","I Need You","3:42","Country","2000-05-27","2000-08-12",77,68,67,63,59,59,59,53,51,50,13,11,11,15,12,12,13,16,19,21,21,24,25,30,"41","","",NA,NA,NA,NA,NA,NA,NA,NA,NA,NA,NA,NA,NA,NA,NA,NA,NA,NA,NA,NA,NA,NA,NA,NA,NA,NA,NA,NA,NA,NA,NA,NA,NA,NA,NA,NA,NA,NA,NA,NA,NA,NA,NA,NA,NA,NA,NA,NA,NA
2000,"Smash Mouth","Then The Morning Comes","3:04","Rock","1999-10-30","2000-01-29",83,59,56,46,27,23,19,16,14,14,16,15,12,11,13,17,20,23,24,25,27,31,33,35,"41","48","",NA,NA,NA,NA,NA,NA,NA,NA,NA,NA,NA,NA,NA,NA,NA,NA,NA,NA,NA,NA,NA,NA,NA,NA,NA,NA,NA,NA,NA,NA,NA,NA,NA,NA,NA,NA,NA,NA,NA,NA,NA,NA,NA,NA,NA,NA,NA,NA,NA
2000,"Jay-Z","I Just Wanna Love U (Give It 2 Me)","3:50","Rap","2000-10-28","2000-12-30",58,45,35,26,23,19,14,14,13,11,12,12,12,15,15,19,24,28,29,30,40,NA,NA,NA,"","","",NA,NA,NA,NA,NA,NA,NA,NA,NA,NA,NA,NA,NA,NA,NA,NA,NA,NA,NA,NA,NA,NA,NA,NA,NA,NA,NA,NA,NA,NA,NA,NA,NA,NA,NA,NA,NA,NA,NA,NA,NA,NA,NA,NA,NA,NA,NA,NA,NA
2000,"Jagged Edge","Let's Get Married","4:23","Rock","2000-05-06","2000-07-29",77,66,55,45,38,42,33,29,28,26,23,15,11,14,14,17,20,20,21,23,24,29,36,47,"","","",NA,NA,NA,NA,NA,NA,NA,NA,NA,NA,NA,NA,NA,NA,NA,NA,NA,NA,NA,NA,NA,NA,NA,NA,NA,NA,NA,NA,NA,NA,NA,NA,NA,NA,NA,NA,NA,NA,NA,NA,NA,NA,NA,NA,NA,NA,NA,NA,NA
2000,"Filter","Take A Picture","4:23","Rock","1999-11-27","2000-02-05",91,74,64,52,38,38,34,31,21,19,12,13,15,20,19,22,23,24,31,42,NA,NA,NA,NA,"","","",NA,NA,NA,NA,NA,NA,NA,NA,NA,NA,NA,NA,NA,NA,NA,NA,NA,NA,NA,NA,NA,NA,NA,NA,NA,NA,NA,NA,NA,NA,NA,NA,NA,NA,NA,NA,NA,NA,NA,NA,NA,NA,NA,NA,NA,NA,NA,NA,NA
2000,"Martin, Ricky","She Bangs","4:02","Latin","2000-10-07","2000-12-02",38,28,21,21,18,16,13,13,12,20,22,29,43,54,55,73,92,100,NA,NA,NA,NA,NA,NA,"","","",NA,NA,NA,NA,NA,NA,NA,NA,NA,NA,NA,NA,NA,NA,NA,NA,NA,NA,NA,NA,NA,NA,NA,NA,NA,NA,NA,NA,NA,NA,NA,NA,NA,NA,NA,NA,NA,NA,NA,NA,NA,NA,NA,NA,NA,NA,NA,NA,NA
2000,"Mystikal","Shake Ya Ass","4:46","Rap","2000-08-12","2000-10-28",97,90,65,41,34,25,22,15,15,14,14,13,13,13,17,19,24,30,42,58,NA,NA,NA,NA,"","","",NA,NA,NA,NA,NA,NA,NA,NA,NA,NA,NA,NA,NA,NA,NA,NA,NA,NA,NA,NA,NA,NA,NA,NA,NA,NA,NA,NA,NA,NA,NA,NA,NA,NA,NA,NA,NA,NA,NA,NA,NA,NA,NA,NA,NA,NA,NA,NA,NA
2000,"BBMak","Back Here","3:35","Rock","2000-04-29","2000-07-29",99,86,60,52,38,34,28,21,18,18,19,15,18,13,16,15,16,16,17,15,18,17,16,22,"24","30","36",37,42,45,49,NA,NA,NA,NA,NA,NA,NA,NA,NA,NA,NA,NA,NA,NA,NA,NA,NA,NA,NA,NA,NA,NA,NA,NA,NA,NA,NA,NA,NA,NA,NA,NA,NA,NA,NA,NA,NA,NA,NA,NA,NA,NA,NA,NA,NA
2000,"Spears, Britney","From The Bottom Of My Broken Heart","4:30","Rock","2000-01-29","2000-02-26",76,59,52,52,14,14,17,24,33,35,41,45,54,64,64,81,97,92,86,90,NA,NA,NA,NA,"","","",NA,NA,NA,NA,NA,NA,NA,NA,NA,NA,NA,NA,NA,NA,NA,NA,NA,NA,NA,NA,NA,NA,NA,NA,NA,NA,NA,NA,NA,NA,NA,NA,NA,NA,NA,NA,NA,NA,NA,NA,NA,NA,NA,NA,NA,NA,NA,NA,NA
2000,"Third Eye Blind","Never Let You Go","3:57","Rock","2000-01-22","2000-04-01",65,32,25,24,23,22,22,21,19,16,14,16,16,17,18,21,22,25,27,33,45,46,NA,NA,"","","",NA,NA,NA,NA,NA,NA,NA,NA,NA,NA,NA,NA,NA,NA,NA,NA,NA,NA,NA,NA,NA,NA,NA,NA,NA,NA,NA,NA,NA,NA,NA,NA,NA,NA,NA,NA,NA,NA,NA,NA,NA,NA,NA,NA,NA,NA,NA,NA,NA
2000,"Red Hot Chili Peppers","Otherside","4:13","Rock","2000-02-12","2000-05-27",80,72,65,52,51,49,40,37,32,29,29,29,29,24,18,14,15,16,19,22,29,45,NA,NA,"","","",NA,NA,NA,NA,NA,NA,NA,NA,NA,NA,NA,NA,NA,NA,NA,NA,NA,NA,NA,NA,NA,NA,NA,NA,NA,NA,NA,NA,NA,NA,NA,NA,NA,NA,NA,NA,NA,NA,NA,NA,NA,NA,NA,NA,NA,NA,NA,NA,NA
2000,"Profyle","Liar","3:57","R&B","2000-09-16","2000-10-28",52,32,25,17,16,16,14,19,24,33,35,43,54,61,69,75,86,81,94,99,NA,NA,NA,NA,"","","",NA,NA,NA,NA,NA,NA,NA,NA,NA,NA,NA,NA,NA,NA,NA,NA,NA,NA,NA,NA,NA,NA,NA,NA,NA,NA,NA,NA,NA,NA,NA,NA,NA,NA,NA,NA,NA,NA,NA,NA,NA,NA,NA,NA,NA,NA,NA,NA,NA
2000,"Barenaked Ladies","Pinch Me","3:46","Rock","2000-09-09","2000-11-25",77,76,69,45,51,37,33,29,26,25,16,15,15,19,19,20,22,20,21,34,44,NA,NA,NA,"","","",NA,NA,NA,NA,NA,NA,NA,NA,NA,NA,NA,NA,NA,NA,NA,NA,NA,NA,NA,NA,NA,NA,NA,NA,NA,NA,NA,NA,NA,NA,NA,NA,NA,NA,NA,NA,NA,NA,NA,NA,NA,NA,NA,NA,NA,NA,NA,NA,NA
2000,"Jagged Edge","He Can't Love U","3:30","Rock","1999-12-11","2000-01-08",54,32,17,17,15,18,18,18,18,25,24,24,26,33,44,51,53,65,69,77,NA,NA,NA,NA,"","","",NA,NA,NA,NA,NA,NA,NA,NA,NA,NA,NA,NA,NA,NA,NA,NA,NA,NA,NA,NA,NA,NA,NA,NA,NA,NA,NA,NA,NA,NA,NA,NA,NA,NA,NA,NA,NA,NA,NA,NA,NA,NA,NA,NA,NA,NA,NA,NA,NA
2000,"504 Boyz","Wobble Wobble","3:35","Rap","2000-04-15","2000-05-06",57,34,25,17,17,31,36,49,53,57,64,70,75,76,78,85,92,96,NA,NA,NA,NA,NA,NA,"","","",NA,NA,NA,NA,NA,NA,NA,NA,NA,NA,NA,NA,NA,NA,NA,NA,NA,NA,NA,NA,NA,NA,NA,NA,NA,NA,NA,NA,NA,NA,NA,NA,NA,NA,NA,NA,NA,NA,NA,NA,NA,NA,NA,NA,NA,NA,NA,NA,NA
2000,"Sting","Desert Rose","3:52","Rock","2000-05-13","2000-08-26",98,88,72,59,55,52,45,35,24,21,19,19,19,19,18,17,19,19,24,26,30,32,42,45,"42","49","",NA,NA,NA,NA,NA,NA,NA,NA,NA,NA,NA,NA,NA,NA,NA,NA,NA,NA,NA,NA,NA,NA,NA,NA,NA,NA,NA,NA,NA,NA,NA,NA,NA,NA,NA,NA,NA,NA,NA,NA,NA,NA,NA,NA,NA,NA,NA,NA,NA
2000,"Jay-Z","Big Pimpin'","3:55","Rap","2000-04-22","2000-07-08",69,52,39,33,28,25,25,23,20,19,21,18,20,20,26,29,35,33,41,50,NA,NA,NA,NA,"","","",NA,NA,NA,NA,NA,NA,NA,NA,NA,NA,NA,NA,NA,NA,NA,NA,NA,NA,NA,NA,NA,NA,NA,NA,NA,NA,NA,NA,NA,NA,NA,NA,NA,NA,NA,NA,NA,NA,NA,NA,NA,NA,NA,NA,NA,NA,NA,NA,NA
2000,"Kid Rock","Only God Knows Why","5:27","Rock","2000-02-19","2000-04-15",63,47,46,39,35,26,26,23,19,19,21,25,25,29,32,44,52,62,69,78,NA,NA,NA,NA,"","","",NA,NA,NA,NA,NA,NA,NA,NA,NA,NA,NA,NA,NA,NA,NA,NA,NA,NA,NA,NA,NA,NA,NA,NA,NA,NA,NA,NA,NA,NA,NA,NA,NA,NA,NA,NA,NA,NA,NA,NA,NA,NA,NA,NA,NA,NA,NA,NA,NA
2000,"Foo Fighters","Learn To Fly","3:55","Rock","1999-10-16","2000-01-22",80,69,68,63,60,52,42,32,30,25,22,22,26,20,19,20,26,30,35,42,50,NA,NA,NA,"","","",NA,NA,NA,NA,NA,NA,NA,NA,NA,NA,NA,NA,NA,NA,NA,NA,NA,NA,NA,NA,NA,NA,NA,NA,NA,NA,NA,NA,NA,NA,NA,NA,NA,NA,NA,NA,NA,NA,NA,NA,NA,NA,NA,NA,NA,NA,NA,NA,NA
2000,"Dixie Chicks, The","Goodbye Earl","4:19","Country","2000-03-18","2000-05-06",40,29,24,24,20,20,20,19,38,61,86,88,96,96,98,NA,NA,NA,NA,NA,NA,NA,NA,NA,"","","",NA,NA,NA,NA,NA,NA,NA,NA,NA,NA,NA,NA,NA,NA,NA,NA,NA,NA,NA,NA,NA,NA,NA,NA,NA,NA,NA,NA,NA,NA,NA,NA,NA,NA,NA,NA,NA,NA,NA,NA,NA,NA,NA,NA,NA,NA,NA,NA,NA
2000,"Guy","Dancin'","4:08","R&B","1999-12-18","2000-01-01",46,29,19,22,36,44,58,58,68,75,94,NA,NA,NA,NA,NA,NA,NA,NA,NA,NA,NA,NA,NA,"","","",NA,NA,NA,NA,NA,NA,NA,NA,NA,NA,NA,NA,NA,NA,NA,NA,NA,NA,NA,NA,NA,NA,NA,NA,NA,NA,NA,NA,NA,NA,NA,NA,NA,NA,NA,NA,NA,NA,NA,NA,NA,NA,NA,NA,NA,NA,NA,NA,NA
2000,"Lil Bow Wow","Bounce With Me","3:22","Rap","2000-08-19","2000-09-16",48,35,24,24,20,20,20,20,22,27,27,36,40,53,61,69,80,90,99,NA,NA,100,NA,NA,"","","",NA,NA,NA,NA,NA,NA,NA,NA,NA,NA,NA,NA,NA,NA,NA,NA,NA,NA,NA,NA,NA,NA,NA,NA,NA,NA,NA,NA,NA,NA,NA,NA,NA,NA,NA,NA,NA,NA,NA,NA,NA,NA,NA,NA,NA,NA,NA,NA,NA
2000,"Westlife","Swear It Again","4:07","Rock","2000-04-01","2000-07-01",96,82,66,55,55,46,44,44,37,35,32,25,21,20,20,25,30,33,45,56,NA,NA,NA,NA,"","","",NA,NA,NA,NA,NA,NA,NA,NA,NA,NA,NA,NA,NA,NA,NA,NA,NA,NA,NA,NA,NA,NA,NA,NA,NA,NA,NA,NA,NA,NA,NA,NA,NA,NA,NA,NA,NA,NA,NA,NA,NA,NA,NA,NA,NA,NA,NA,NA,NA
2000,"Train","Meet Virginia","3:55","Rock","1999-10-09","2000-01-22",76,67,59,54,48,45,40,32,26,24,22,21,21,24,21,20,21,24,28,30,32,37,37,42,"46","50","50",NA,NA,NA,NA,NA,NA,NA,NA,NA,NA,NA,NA,NA,NA,NA,NA,NA,NA,NA,NA,NA,NA,NA,NA,NA,NA,NA,NA,NA,NA,NA,NA,NA,NA,NA,NA,NA,NA,NA,NA,NA,NA,NA,NA,NA,NA,NA,NA,NA
2000,"Thomas, Carl","I Wish","3:50","Rock","2000-03-25","2000-05-13",75,64,48,39,32,28,24,20,22,21,22,26,23,24,27,28,42,44,52,67,NA,NA,NA,NA,"","","",NA,NA,NA,NA,NA,NA,NA,NA,NA,NA,NA,NA,NA,NA,NA,NA,NA,NA,NA,NA,NA,NA,NA,NA,NA,NA,NA,NA,NA,NA,NA,NA,NA,NA,NA,NA,NA,NA,NA,NA,NA,NA,NA,NA,NA,NA,NA,NA,NA
2000,"Hanson","This Time Around","4:14","Country","2000-04-22","2000-05-06",22,22,20,45,87,71,95,NA,NA,NA,NA,NA,NA,NA,NA,NA,NA,NA,NA,NA,NA,NA,NA,NA,"","","",NA,NA,NA,NA,NA,NA,NA,NA,NA,NA,NA,NA,NA,NA,NA,NA,NA,NA,NA,NA,NA,NA,NA,NA,NA,NA,NA,NA,NA,NA,NA,NA,NA,NA,NA,NA,NA,NA,NA,NA,NA,NA,NA,NA,NA,NA,NA,NA,NA
2000,"Simpson, Jessica","I Think I'm In Love With You","3:32","Pop","2000-07-01","2000-08-12",63,52,44,29,25,23,21,21,21,27,38,38,57,74,89,96,NA,NA,NA,NA,NA,NA,NA,NA,"","","",NA,NA,NA,NA,NA,NA,NA,NA,NA,NA,NA,NA,NA,NA,NA,NA,NA,NA,NA,NA,NA,NA,NA,NA,NA,NA,NA,NA,NA,NA,NA,NA,NA,NA,NA,NA,NA,NA,NA,NA,NA,NA,NA,NA,NA,NA,NA,NA,NA
2000,"Ludacris","What's Your Fantasy","4:16","Rap","2000-09-30","2000-12-16",89,83,63,55,49,40,33,32,30,25,22,21,24,24,24,27,25,34,32,35,41,47,NA,NA,"","","",NA,NA,NA,NA,NA,NA,NA,NA,NA,NA,NA,NA,NA,NA,NA,NA,NA,NA,NA,NA,NA,NA,NA,NA,NA,NA,NA,NA,NA,NA,NA,NA,NA,NA,NA,NA,NA,NA,NA,NA,NA,NA,NA,NA,NA,NA,NA,NA,NA
2000,"Lil' Zane","Callin' Me","3:43","Rap","2000-07-29","2000-09-02",83,89,57,40,34,21,33,46,45,59,67,84,95,NA,NA,NA,NA,NA,NA,NA,NA,NA,NA,NA,"","","",NA,NA,NA,NA,NA,NA,NA,NA,NA,NA,NA,NA,NA,NA,NA,NA,NA,NA,NA,NA,NA,NA,NA,NA,NA,NA,NA,NA,NA,NA,NA,NA,NA,NA,NA,NA,NA,NA,NA,NA,NA,NA,NA,NA,NA,NA,NA,NA,NA
2000,"M2M","Don't Say You Love Me","3:41","Pop","1999-11-20","2000-01-08",72,53,62,46,54,44,44,21,64,92,98,98,NA,NA,NA,NA,NA,NA,NA,NA,NA,NA,NA,NA,"","","",NA,NA,NA,NA,NA,NA,NA,NA,NA,NA,NA,NA,NA,NA,NA,NA,NA,NA,NA,NA,NA,NA,NA,NA,NA,NA,NA,NA,NA,NA,NA,NA,NA,NA,NA,NA,NA,NA,NA,NA,NA,NA,NA,NA,NA,NA,NA,NA,NA
2000,"SoulDecision","Faded","3:25","Rock","2000-07-08","2000-09-09",94,90,81,64,56,43,35,27,25,22,22,27,27,27,31,31,30,34,31,34,34,38,45,50,"","","",NA,NA,NA,NA,NA,NA,NA,NA,NA,NA,NA,NA,NA,NA,NA,NA,NA,NA,NA,NA,NA,NA,NA,NA,NA,NA,NA,NA,NA,NA,NA,NA,NA,NA,NA,NA,NA,NA,NA,NA,NA,NA,NA,NA,NA,NA,NA,NA,NA
2000,"Brock, Chad","Yes!","3:22","Country","2000-04-08","2000-07-01",90,77,66,61,59,47,39,33,32,31,28,27,22,27,31,39,45,50,53,59,NA,NA,NA,NA,"","","",NA,NA,NA,NA,NA,NA,NA,NA,NA,NA,NA,NA,NA,NA,NA,NA,NA,NA,NA,NA,NA,NA,NA,NA,NA,NA,NA,NA,NA,NA,NA,NA,NA,NA,NA,NA,NA,NA,NA,NA,NA,NA,NA,NA,NA,NA,NA,NA,NA
2000,"Martin, Ricky","Shake Your Bon-Bon","3:08","Latin","1999-11-20","2000-02-12",74,66,52,39,39,39,39,46,47,54,91,28,22,33,46,70,87,93,NA,NA,NA,NA,NA,NA,"","","",NA,NA,NA,NA,NA,NA,NA,NA,NA,NA,NA,NA,NA,NA,NA,NA,NA,NA,NA,NA,NA,NA,NA,NA,NA,NA,NA,NA,NA,NA,NA,NA,NA,NA,NA,NA,NA,NA,NA,NA,NA,NA,NA,NA,NA,NA,NA,NA,NA
2000,"Vertical Horizon","You're A God","3:45","Rock","2000-08-26","2000-11-04",64,55,43,41,37,31,30,29,28,26,23,23,25,32,32,37,37,41,46,48,49,NA,NA,NA,"","","",NA,NA,NA,NA,NA,NA,NA,NA,NA,NA,NA,NA,NA,NA,NA,NA,NA,NA,NA,NA,NA,NA,NA,NA,NA,NA,NA,NA,NA,NA,NA,NA,NA,NA,NA,NA,NA,NA,NA,NA,NA,NA,NA,NA,NA,NA,NA,NA,NA
2000,"Avant","Separated","4:13","Rock","2000-04-29","2000-05-20",62,32,30,23,26,30,35,32,32,25,23,28,27,29,27,31,31,33,40,51,NA,NA,NA,NA,"","","",NA,NA,NA,NA,NA,NA,NA,NA,NA,NA,NA,NA,NA,NA,NA,NA,NA,NA,NA,NA,NA,NA,NA,NA,NA,NA,NA,NA,NA,NA,NA,NA,NA,NA,NA,NA,NA,NA,NA,NA,NA,NA,NA,NA,NA,NA,NA,NA,NA
2000,"Rimes, LeAnn","Big Deal","3:03","Country","1999-10-16","2000-01-01",71,52,51,51,51,48,41,37,29,26,26,23,30,28,27,25,31,43,56,70,NA,NA,NA,NA,"","","",NA,NA,NA,NA,NA,NA,NA,NA,NA,NA,NA,NA,NA,NA,NA,NA,NA,NA,NA,NA,NA,NA,NA,NA,NA,NA,NA,NA,NA,NA,NA,NA,NA,NA,NA,NA,NA,NA,NA,NA,NA,NA,NA,NA,NA,NA,NA,NA,NA
2000,"IMx","Stay The Night","3:37","Rap","1999-10-09","2000-01-08",84,61,45,43,40,38,36,31,34,34,40,36,36,23,41,62,70,71,79,78,NA,NA,NA,NA,"","","",NA,NA,NA,NA,NA,NA,NA,NA,NA,NA,NA,NA,NA,NA,NA,NA,NA,NA,NA,NA,NA,NA,NA,NA,NA,NA,NA,NA,NA,NA,NA,NA,NA,NA,NA,NA,NA,NA,NA,NA,NA,NA,NA,NA,NA,NA,NA,NA,NA
2000,"Dr. Dre","The Next Episode","2:38","Rap","2000-05-27","2000-07-29",78,67,58,53,46,41,32,27,26,23,26,27,32,32,44,46,47,50,52,58,NA,NA,NA,NA,"","","",NA,NA,NA,NA,NA,NA,NA,NA,NA,NA,NA,NA,NA,NA,NA,NA,NA,NA,NA,NA,NA,NA,NA,NA,NA,NA,NA,NA,NA,NA,NA,NA,NA,NA,NA,NA,NA,NA,NA,NA,NA,NA,NA,NA,NA,NA,NA,NA,NA
2000,"Spears, Britney","Lucky","3:23","Rock","2000-08-12","2000-09-09",61,41,28,26,23,29,30,40,66,86,100,NA,NA,NA,NA,NA,NA,NA,NA,NA,NA,NA,NA,NA,"","","",NA,NA,NA,NA,NA,NA,NA,NA,NA,NA,NA,NA,NA,NA,NA,NA,NA,NA,NA,NA,NA,NA,NA,NA,NA,NA,NA,NA,NA,NA,NA,NA,NA,NA,NA,NA,NA,NA,NA,NA,NA,NA,NA,NA,NA,NA,NA,NA,NA
2000,"Savage Garden","Crash And Burn","4:41","Rock","2000-04-08","2000-05-27",75,58,51,36,33,31,26,24,24,29,34,39,46,47,48,49,58,63,73,87,NA,NA,NA,NA,"","","",NA,NA,NA,NA,NA,NA,NA,NA,NA,NA,NA,NA,NA,NA,NA,NA,NA,NA,NA,NA,NA,NA,NA,NA,NA,NA,NA,NA,NA,NA,NA,NA,NA,NA,NA,NA,NA,NA,NA,NA,NA,NA,NA,NA,NA,NA,NA,NA,NA
2000,"Kandi","Don't Think I'm Not","3:50","Rock","2000-08-05","2000-10-07",66,66,66,61,49,42,36,33,28,24,26,26,28,29,27,31,31,26,25,25,30,40,36,41,"","","",NA,NA,NA,NA,NA,NA,NA,NA,NA,NA,NA,NA,NA,NA,NA,NA,NA,NA,NA,NA,NA,NA,NA,NA,NA,NA,NA,NA,NA,NA,NA,NA,NA,NA,NA,NA,NA,NA,NA,NA,NA,NA,NA,NA,NA,NA,NA,NA,NA
2000,"Sammie","I Like It","4:09","Rock","2000-01-29","2000-04-15",85,68,58,44,40,33,30,29,37,29,29,24,36,46,52,61,83,93,91,89,NA,NA,NA,NA,"","","",NA,NA,NA,NA,NA,NA,NA,NA,NA,NA,NA,NA,NA,NA,NA,NA,NA,NA,NA,NA,NA,NA,NA,NA,NA,NA,NA,NA,NA,NA,NA,NA,NA,NA,NA,NA,NA,NA,NA,NA,NA,NA,NA,NA,NA,NA,NA,NA,NA
2000,"Goo Goo Dolls","Broadway","3:54","Rock","2000-04-22","2000-07-01",74,58,53,42,35,31,29,25,29,26,24,33,46,48,57,62,74,82,85,87,NA,NA,NA,NA,"","","",NA,NA,NA,NA,NA,NA,NA,NA,NA,NA,NA,NA,NA,NA,NA,NA,NA,NA,NA,NA,NA,NA,NA,NA,NA,NA,NA,NA,NA,NA,NA,NA,NA,NA,NA,NA,NA,NA,NA,NA,NA,NA,NA,NA,NA,NA,NA,NA,NA
2000,"Moore, Mandy","I Wanna Be With You","4:12","Pop","2000-06-17","2000-08-12",69,63,54,50,45,42,31,28,24,34,42,53,65,66,77,94,99,NA,NA,NA,NA,93,91,91,"90","89","86",NA,NA,NA,NA,NA,NA,NA,NA,NA,NA,NA,NA,NA,NA,NA,NA,NA,NA,NA,NA,NA,NA,NA,NA,NA,NA,NA,NA,NA,NA,NA,NA,NA,NA,NA,NA,NA,NA,NA,NA,NA,NA,NA,NA,NA,NA,NA,NA,NA
2000,"Dr. Dre","Forgot About Dre","3:42","Rap","2000-01-22","2000-03-25",75,55,47,36,36,30,30,31,26,25,25,26,26,28,34,47,58,68,80,82,NA,NA,NA,NA,"","","",NA,NA,NA,NA,NA,NA,NA,NA,NA,NA,NA,NA,NA,NA,NA,NA,NA,NA,NA,NA,NA,NA,NA,NA,NA,NA,NA,NA,NA,NA,NA,NA,NA,NA,NA,NA,NA,NA,NA,NA,NA,NA,NA,NA,NA,NA,NA,NA,NA
2000,"D'Angelo","Untitled (How Does It Feel)","7:10","R&B","2000-01-22","2000-02-19",77,56,35,26,25,25,28,28,31,35,39,44,51,60,73,79,94,NA,NA,NA,NA,NA,NA,NA,"","","",NA,NA,NA,NA,NA,NA,NA,NA,NA,NA,NA,NA,NA,NA,NA,NA,NA,NA,NA,NA,NA,NA,NA,NA,NA,NA,NA,NA,NA,NA,NA,NA,NA,NA,NA,NA,NA,NA,NA,NA,NA,NA,NA,NA,NA,NA,NA,NA,NA
2000,"Messina, Jo Dee","That's The Way","3:17","Country","2000-06-24","2000-08-26",78,67,63,54,50,44,38,30,27,25,31,28,30,28,32,35,48,46,51,59,NA,NA,NA,NA,"","","",NA,NA,NA,NA,NA,NA,NA,NA,NA,NA,NA,NA,NA,NA,NA,NA,NA,NA,NA,NA,NA,NA,NA,NA,NA,NA,NA,NA,NA,NA,NA,NA,NA,NA,NA,NA,NA,NA,NA,NA,NA,NA,NA,NA,NA,NA,NA,NA,NA
2000,"Avant","My First Love","4:28","Rock","2000-11-04","2000-12-16",70,62,56,43,39,33,26,26,26,31,32,31,38,38,52,57,64,73,81,79,NA,NA,NA,NA,"","","",NA,NA,NA,NA,NA,NA,NA,NA,NA,NA,NA,NA,NA,NA,NA,NA,NA,NA,NA,NA,NA,NA,NA,NA,NA,NA,NA,NA,NA,NA,NA,NA,NA,NA,NA,NA,NA,NA,NA,NA,NA,NA,NA,NA,NA,NA,NA,NA,NA
2000,"Son By Four","A Puro Dolor (Purest Of Pain)","3:30","Latin","2000-04-08","2000-08-19",80,80,80,79,72,73,65,64,60,60,48,48,48,43,35,32,30,32,37,26,31,28,30,32,"39","35","",NA,NA,NA,NA,NA,NA,NA,NA,NA,NA,NA,NA,NA,NA,NA,NA,NA,NA,NA,NA,NA,NA,NA,NA,NA,NA,NA,NA,NA,NA,NA,NA,NA,NA,NA,NA,NA,NA,NA,NA,NA,NA,NA,NA,NA,NA,NA,NA,NA
2000,"Da Brat","What'Chu Like","3:57","Rap","2000-06-03","2000-08-12",71,65,54,54,51,41,41,33,28,31,26,28,36,39,49,58,62,65,68,68,NA,NA,NA,NA,"","","",NA,NA,NA,NA,NA,NA,NA,NA,NA,NA,NA,NA,NA,NA,NA,NA,NA,NA,NA,NA,NA,NA,NA,NA,NA,NA,NA,NA,NA,NA,NA,NA,NA,NA,NA,NA,NA,NA,NA,NA,NA,NA,NA,NA,NA,NA,NA,NA,NA
2000,"DMX","Party Up (Up In Here)","3:45","Rap","2000-02-26","2000-04-22",88,74,62,56,49,44,38,32,27,27,27,27,27,28,28,33,35,42,44,46,43,NA,NA,NA,"","","",NA,NA,NA,NA,NA,NA,NA,NA,NA,NA,NA,NA,NA,NA,NA,NA,NA,NA,NA,NA,NA,NA,NA,NA,NA,NA,NA,NA,NA,NA,NA,NA,NA,NA,NA,NA,NA,NA,NA,NA,NA,NA,NA,NA,NA,NA,NA,NA,NA
2000,"Dixie Chicks, The","Cowboy Take Me Away","4:51","Country","1999-11-27","2000-01-29",79,72,70,61,52,52,52,39,31,27,27,27,31,37,40,47,51,56,59,59,NA,NA,NA,NA,"","","",NA,NA,NA,NA,NA,NA,NA,NA,NA,NA,NA,NA,NA,NA,NA,NA,NA,NA,NA,NA,NA,NA,NA,NA,NA,NA,NA,NA,NA,NA,NA,NA,NA,NA,NA,NA,NA,NA,NA,NA,NA,NA,NA,NA,NA,NA,NA,NA,NA
2000,"McGraw, Tim","My Next Thirty Years","3:37","Country","2000-10-21","2000-12-16",73,62,56,52,46,40,36,31,27,27,28,40,33,33,39,40,48,53,58,62,NA,NA,NA,NA,"","","",NA,NA,NA,NA,NA,NA,NA,NA,NA,NA,NA,NA,NA,NA,NA,NA,NA,NA,NA,NA,NA,NA,NA,NA,NA,NA,NA,NA,NA,NA,NA,NA,NA,NA,NA,NA,NA,NA,NA,NA,NA,NA,NA,NA,NA,NA,NA,NA,NA
2000,"Tritt, Travis","Best Of Intentions","4:15","Country","2000-08-19","2000-12-02",97,86,79,70,63,56,50,48,51,38,33,31,28,28,28,27,29,31,37,45,49,48,NA,NA,"","","",NA,NA,NA,NA,NA,NA,NA,NA,NA,NA,NA,NA,NA,NA,NA,NA,NA,NA,NA,NA,NA,NA,NA,NA,NA,NA,NA,NA,NA,NA,NA,NA,NA,NA,NA,NA,NA,NA,NA,NA,NA,NA,NA,NA,NA,NA,NA,NA,NA
2000,"Alice Deejay","Better Off Alone","6:50","Electronica","2000-04-08","2000-06-03",79,65,53,48,45,36,34,29,27,30,36,37,39,49,57,63,65,68,79,86,NA,NA,NA,NA,"","","",NA,NA,NA,NA,NA,NA,NA,NA,NA,NA,NA,NA,NA,NA,NA,NA,NA,NA,NA,NA,NA,NA,NA,NA,NA,NA,NA,NA,NA,NA,NA,NA,NA,NA,NA,NA,NA,NA,NA,NA,NA,NA,NA,NA,NA,NA,NA,NA,NA
2000,"Hoku","Another Dumb Blonde","3:47","Pop","2000-02-19","2000-04-08",69,49,49,34,34,34,30,27,36,41,53,56,80,100,NA,NA,NA,NA,NA,NA,NA,NA,NA,NA,"","","",NA,NA,NA,NA,NA,NA,NA,NA,NA,NA,NA,NA,NA,NA,NA,NA,NA,NA,NA,NA,NA,NA,NA,NA,NA,NA,NA,NA,NA,NA,NA,NA,NA,NA,NA,NA,NA,NA,NA,NA,NA,NA,NA,NA,NA,NA,NA,NA,NA
2000,"Houston, Whitney","I Learned From The Best","4:18","Rock","2000-02-19","2000-03-25",83,83,83,40,28,27,28,36,53,73,82,NA,NA,NA,NA,NA,NA,NA,NA,NA,NA,NA,NA,NA,"","","",NA,NA,NA,NA,NA,NA,NA,NA,NA,NA,NA,NA,NA,NA,NA,NA,NA,NA,NA,NA,NA,NA,NA,NA,NA,NA,NA,NA,NA,NA,NA,NA,NA,NA,NA,NA,NA,NA,NA,NA,NA,NA,NA,NA,NA,NA,NA,NA,NA
2000,"Counting Crows","Hanginaround","4:07","Rock","1999-11-06","2000-01-29",84,70,66,60,46,37,35,35,35,32,29,29,28,32,38,48,56,59,61,66,NA,NA,NA,NA,"","","",NA,NA,NA,NA,NA,NA,NA,NA,NA,NA,NA,NA,NA,NA,NA,NA,NA,NA,NA,NA,NA,NA,NA,NA,NA,NA,NA,NA,NA,NA,NA,NA,NA,NA,NA,NA,NA,NA,NA,NA,NA,NA,NA,NA,NA,NA,NA,NA,NA
2000,"Mary Mary","Shackles (Praise You)","3:12","Rock","2000-03-25","2000-05-13",90,76,72,54,43,37,34,28,33,30,31,39,43,53,60,70,71,76,84,94,NA,NA,NA,NA,"","","",NA,NA,NA,NA,NA,NA,NA,NA,NA,NA,NA,NA,NA,NA,NA,NA,NA,NA,NA,NA,NA,NA,NA,NA,NA,NA,NA,NA,NA,NA,NA,NA,NA,NA,NA,NA,NA,NA,NA,NA,NA,NA,NA,NA,NA,NA,NA,NA,NA
2000,"Carey, Mariah","Crybaby","5:19","Rock","2000-06-24","2000-06-24",28,34,48,62,77,90,95,NA,NA,NA,NA,NA,NA,NA,NA,NA,NA,NA,NA,NA,NA,NA,NA,NA,"","","",NA,NA,NA,NA,NA,NA,NA,NA,NA,NA,NA,NA,NA,NA,NA,NA,NA,NA,NA,NA,NA,NA,NA,NA,NA,NA,NA,NA,NA,NA,NA,NA,NA,NA,NA,NA,NA,NA,NA,NA,NA,NA,NA,NA,NA,NA,NA,NA,NA
2000,"McGraw, Tim","My Best Friend","4:33","Country","1999-11-27","2000-01-29",85,76,71,64,54,54,55,46,38,29,29,33,32,31,36,38,39,41,46,49,48,NA,NA,NA,"","","",NA,NA,NA,NA,NA,NA,NA,NA,NA,NA,NA,NA,NA,NA,NA,NA,NA,NA,NA,NA,NA,NA,NA,NA,NA,NA,NA,NA,NA,NA,NA,NA,NA,NA,NA,NA,NA,NA,NA,NA,NA,NA,NA,NA,NA,NA,NA,NA,NA
2000,"Sugar Ray","Falls Apart","4:15","Rock","2000-01-15","2000-02-19",70,64,54,40,34,29,29,32,32,37,47,49,52,60,76,80,89,97,98,100,NA,NA,NA,NA,"","","",NA,NA,NA,NA,NA,NA,NA,NA,NA,NA,NA,NA,NA,NA,NA,NA,NA,NA,NA,NA,NA,NA,NA,NA,NA,NA,NA,NA,NA,NA,NA,NA,NA,NA,NA,NA,NA,NA,NA,NA,NA,NA,NA,NA,NA,NA,NA,NA,NA
2000,"Madonna","American Pie","4:30","Rock","2000-02-19","2000-03-04",43,35,29,29,33,32,40,58,88,NA,NA,NA,NA,NA,NA,NA,NA,NA,NA,NA,NA,NA,NA,NA,"","","",NA,NA,NA,NA,NA,NA,NA,NA,NA,NA,NA,NA,NA,NA,NA,NA,NA,NA,NA,NA,NA,NA,NA,NA,NA,NA,NA,NA,NA,NA,NA,NA,NA,NA,NA,NA,NA,NA,NA,NA,NA,NA,NA,NA,NA,NA,NA,NA,NA
2000,"Jones, Donell","Where I Wanna Be","6:22","Rock","2000-04-22","2000-07-08",81,71,65,50,41,41,36,41,38,35,33,29,36,34,34,40,42,49,55,62,NA,NA,NA,NA,"","","",NA,NA,NA,NA,NA,NA,NA,NA,NA,NA,NA,NA,NA,NA,NA,NA,NA,NA,NA,NA,NA,NA,NA,NA,NA,NA,NA,NA,NA,NA,NA,NA,NA,NA,NA,NA,NA,NA,NA,NA,NA,NA,NA,NA,NA,NA,NA,NA,NA
2000,"Paisley, Brad","We Danced","3:45","Country","2000-10-14","2000-12-16",71,68,52,52,45,42,39,34,34,29,36,42,55,53,57,64,72,84,83,86,NA,NA,NA,NA,"","","",NA,NA,NA,NA,NA,NA,NA,NA,NA,NA,NA,NA,NA,NA,NA,NA,NA,NA,NA,NA,NA,NA,NA,NA,NA,NA,NA,NA,NA,NA,NA,NA,NA,NA,NA,NA,NA,NA,NA,NA,NA,NA,NA,NA,NA,NA,NA,NA,NA
2000,"Lonestar","What About Now","3:30","Country","2000-06-10","2000-08-19",78,72,66,64,56,50,47,39,37,34,30,30,35,36,37,43,54,60,61,69,NA,NA,NA,NA,"","","",NA,NA,NA,NA,NA,NA,NA,NA,NA,NA,NA,NA,NA,NA,NA,NA,NA,NA,NA,NA,NA,NA,NA,NA,NA,NA,NA,NA,NA,NA,NA,NA,NA,NA,NA,NA,NA,NA,NA,NA,NA,NA,NA,NA,NA,NA,NA,NA,NA
2000,"Backstreet Boys, The","The One","3:46","Rock","2000-05-27","2000-07-01",58,50,43,37,31,30,39,47,55,61,76,90,93,93,100,NA,NA,NA,NA,NA,NA,NA,NA,NA,"","","",NA,NA,NA,NA,NA,NA,NA,NA,NA,NA,NA,NA,NA,NA,NA,NA,NA,NA,NA,NA,NA,NA,NA,NA,NA,NA,NA,NA,NA,NA,NA,NA,NA,NA,NA,NA,NA,NA,NA,NA,NA,NA,NA,NA,NA,NA,NA,NA,NA
2000,"Keith, Toby","How Do You Like Me Now?!","3:29","Country","2000-01-29","2000-04-08",77,72,59,53,45,43,41,36,36,32,31,31,35,35,38,43,45,51,52,54,NA,NA,NA,NA,"","","",NA,NA,NA,NA,NA,NA,NA,NA,NA,NA,NA,NA,NA,NA,NA,NA,NA,NA,NA,NA,NA,NA,NA,NA,NA,NA,NA,NA,NA,NA,NA,NA,NA,NA,NA,NA,NA,NA,NA,NA,NA,NA,NA,NA,NA,NA,NA,NA,NA
2000,"Strait, George","The Best Day","3:24","Country","2000-01-29","2000-04-22",73,64,54,45,44,44,44,41,39,34,33,33,31,33,36,39,43,49,53,62,NA,NA,NA,NA,"","","",NA,NA,NA,NA,NA,NA,NA,NA,NA,NA,NA,NA,NA,NA,NA,NA,NA,NA,NA,NA,NA,NA,NA,NA,NA,NA,NA,NA,NA,NA,NA,NA,NA,NA,NA,NA,NA,NA,NA,NA,NA,NA,NA,NA,NA,NA,NA,NA,NA
2000,"Dixie Chicks, The","Without You","3:32","Country","2000-10-07","2000-12-23",80,70,63,56,50,49,48,46,41,40,35,31,33,44,36,35,37,43,51,54,NA,NA,NA,NA,"","","",NA,NA,NA,NA,NA,NA,NA,NA,NA,NA,NA,NA,NA,NA,NA,NA,NA,NA,NA,NA,NA,NA,NA,NA,NA,NA,NA,NA,NA,NA,NA,NA,NA,NA,NA,NA,NA,NA,NA,NA,NA,NA,NA,NA,NA,NA,NA,NA,NA
2000,"Musiq","Just Friends (Sunny)","4:02","Rap","2000-10-14","2000-12-30",89,83,65,55,54,54,52,44,41,34,32,31,35,34,41,41,48,54,58,68,NA,NA,NA,NA,"","","",NA,NA,NA,NA,NA,NA,NA,NA,NA,NA,NA,NA,NA,NA,NA,NA,NA,NA,NA,NA,NA,NA,NA,NA,NA,NA,NA,NA,NA,NA,NA,NA,NA,NA,NA,NA,NA,NA,NA,NA,NA,NA,NA,NA,NA,NA,NA,NA,NA
2000,"McEntire, Reba","What Do You Say","3:26","Country","1999-10-30","2000-01-29",88,76,71,71,69,63,56,51,46,46,53,43,33,31,34,41,50,60,68,71,NA,NA,NA,NA,"","","",NA,NA,NA,NA,NA,NA,NA,NA,NA,NA,NA,NA,NA,NA,NA,NA,NA,NA,NA,NA,NA,NA,NA,NA,NA,NA,NA,NA,NA,NA,NA,NA,NA,NA,NA,NA,NA,NA,NA,NA,NA,NA,NA,NA,NA,NA,NA,NA,NA
2000,"Braxton, Toni","Just Be A Man About It","4:10","Rock","2000-07-29","2000-09-02",76,69,51,42,37,32,32,34,34,38,50,53,53,63,65,72,79,84,89,90,NA,NA,NA,NA,"","","",NA,NA,NA,NA,NA,NA,NA,NA,NA,NA,NA,NA,NA,NA,NA,NA,NA,NA,NA,NA,NA,NA,NA,NA,NA,NA,NA,NA,NA,NA,NA,NA,NA,NA,NA,NA,NA,NA,NA,NA,NA,NA,NA,NA,NA,NA,NA,NA,NA
2000,"Iglesias, Enrique","Rhythm Divine","7:35","Latin","1999-12-04","2000-01-22",90,84,79,67,67,39,33,32,38,38,49,51,61,61,66,88,96,NA,NA,NA,NA,NA,NA,NA,"","","",NA,NA,NA,NA,NA,NA,NA,NA,NA,NA,NA,NA,NA,NA,NA,NA,NA,NA,NA,NA,NA,NA,NA,NA,NA,NA,NA,NA,NA,NA,NA,NA,NA,NA,NA,NA,NA,NA,NA,NA,NA,NA,NA,NA,NA,NA,NA,NA,NA
2000,"Fabian, Lara","I Will Love Again","3:43","Pop","2000-06-10","2000-08-12",91,80,75,61,60,52,45,40,36,32,37,45,68,80,80,89,96,NA,NA,NA,NA,NA,NA,NA,"","","",NA,NA,NA,NA,NA,NA,NA,NA,NA,NA,NA,NA,NA,NA,NA,NA,NA,NA,NA,NA,NA,NA,NA,NA,NA,NA,NA,NA,NA,NA,NA,NA,NA,NA,NA,NA,NA,NA,NA,NA,NA,NA,NA,NA,NA,NA,NA,NA,NA
2000,"Bon Jovi","It's My Life","3:44","Rock","2000-08-12","2000-09-30",64,58,51,51,48,45,36,33,34,34,35,34,39,44,51,58,61,84,85,87,NA,NA,NA,NA,"","","",NA,NA,NA,NA,NA,NA,NA,NA,NA,NA,NA,NA,NA,NA,NA,NA,NA,NA,NA,NA,NA,NA,NA,NA,NA,NA,NA,NA,NA,NA,NA,NA,NA,NA,NA,NA,NA,NA,NA,NA,NA,NA,NA,NA,NA,NA,NA,NA,NA
2000,"Evans, Sara","Born To Fly","5:36","Country","2000-10-21","2000-12-30",77,71,64,57,55,51,46,44,36,39,34,46,44,36,42,53,58,74,81,86,NA,NA,NA,NA,"","","",NA,NA,NA,NA,NA,NA,NA,NA,NA,NA,NA,NA,NA,NA,NA,NA,NA,NA,NA,NA,NA,NA,NA,NA,NA,NA,NA,NA,NA,NA,NA,NA,NA,NA,NA,NA,NA,NA,NA,NA,NA,NA,NA,NA,NA,NA,NA,NA,NA
2000,"Chesney, Kenny","I Lost It","3:54","Country","2000-10-21","2000-12-23",75,67,61,58,58,53,47,47,40,34,36,45,42,45,60,70,82,88,89,92,NA,NA,NA,NA,"","","",NA,NA,NA,NA,NA,NA,NA,NA,NA,NA,NA,NA,NA,NA,NA,NA,NA,NA,NA,NA,NA,NA,NA,NA,NA,NA,NA,NA,NA,NA,NA,NA,NA,NA,NA,NA,NA,NA,NA,NA,NA,NA,NA,NA,NA,NA,NA,NA,NA
2000,"J-Shin","One Night Stand","4:34","R&B","1999-12-25","2000-02-26",96,96,69,74,72,62,49,45,38,34,38,45,47,58,68,88,99,NA,NA,NA,NA,NA,NA,NA,"","","",NA,NA,NA,NA,NA,NA,NA,NA,NA,NA,NA,NA,NA,NA,NA,NA,NA,NA,NA,NA,NA,NA,NA,NA,NA,NA,NA,NA,NA,NA,NA,NA,NA,NA,NA,NA,NA,NA,NA,NA,NA,NA,NA,NA,NA,NA,NA,NA,NA
2000,"Eve","Love Is Blind","3:51","Rap","2000-01-08","2000-02-19",94,91,57,46,46,40,34,39,42,46,50,59,66,78,87,99,NA,NA,NA,NA,NA,NA,NA,NA,"","","",NA,NA,NA,NA,NA,NA,NA,NA,NA,NA,NA,NA,NA,NA,NA,NA,NA,NA,NA,NA,NA,NA,NA,NA,NA,NA,NA,NA,NA,NA,NA,NA,NA,NA,NA,NA,NA,NA,NA,NA,NA,NA,NA,NA,NA,NA,NA,NA,NA
2000,"Aaliyah","I Don't Wanna","4:15","Rock","2000-01-29","2000-03-04",84,62,51,41,38,35,35,38,38,36,37,37,38,49,61,63,62,67,83,86,NA,NA,NA,NA,"","","",NA,NA,NA,NA,NA,NA,NA,NA,NA,NA,NA,NA,NA,NA,NA,NA,NA,NA,NA,NA,NA,NA,NA,NA,NA,NA,NA,NA,NA,NA,NA,NA,NA,NA,NA,NA,NA,NA,NA,NA,NA,NA,NA,NA,NA,NA,NA,NA,NA
2000,"Montgomery, John Michael","The Little Girl","3:52","Country","2000-09-09","2000-10-28",81,67,64,56,45,41,41,35,35,38,37,42,45,50,57,63,62,83,74,74,NA,NA,NA,NA,"","","",NA,NA,NA,NA,NA,NA,NA,NA,NA,NA,NA,NA,NA,NA,NA,NA,NA,NA,NA,NA,NA,NA,NA,NA,NA,NA,NA,NA,NA,NA,NA,NA,NA,NA,NA,NA,NA,NA,NA,NA,NA,NA,NA,NA,NA,NA,NA,NA,NA
2000,"Carter, Aaron","Aaron's Party (Come Get It)","3:23","R&B","2000-08-26","2000-09-16",99,75,57,35,35,37,43,79,51,55,67,83,86,92,100,NA,NA,NA,NA,NA,NA,NA,NA,NA,"","","",NA,NA,NA,NA,NA,NA,NA,NA,NA,NA,NA,NA,NA,NA,NA,NA,NA,NA,NA,NA,NA,NA,NA,NA,NA,NA,NA,NA,NA,NA,NA,NA,NA,NA,NA,NA,NA,NA,NA,NA,NA,NA,NA,NA,NA,NA,NA,NA,NA
2000,"Vassar, Phil","Just Another Day In Paradise","3:54","Country","2000-09-30","2000-12-02",81,81,76,67,53,46,43,38,36,35,43,41,46,51,62,58,63,70,74,79,NA,NA,NA,NA,"","","",NA,NA,NA,NA,NA,NA,NA,NA,NA,NA,NA,NA,NA,NA,NA,NA,NA,NA,NA,NA,NA,NA,NA,NA,NA,NA,NA,NA,NA,NA,NA,NA,NA,NA,NA,NA,NA,NA,NA,NA,NA,NA,NA,NA,NA,NA,NA,NA,NA
2000,"Ice Cube","You Can Do It","4:20","Rap","1999-12-04","2000-01-15",86,66,50,42,42,40,35,46,45,54,73,89,NA,NA,NA,NA,NA,NA,NA,NA,NA,NA,NA,NA,"","","",NA,NA,NA,NA,NA,NA,NA,NA,NA,NA,NA,NA,NA,NA,NA,NA,NA,NA,NA,NA,NA,NA,NA,NA,NA,NA,NA,NA,NA,NA,NA,NA,NA,NA,NA,NA,NA,NA,NA,NA,NA,NA,NA,NA,NA,NA,NA,NA,NA
2000,"Wills, Mark","Back At One","4:00","Country","2000-01-15","2000-02-26",89,55,51,43,37,37,36,39,42,46,45,52,64,74,84,90,94,99,NA,NA,NA,NA,NA,NA,"","","",NA,NA,NA,NA,NA,NA,NA,NA,NA,NA,NA,NA,NA,NA,NA,NA,NA,NA,NA,NA,NA,NA,NA,NA,NA,NA,NA,NA,NA,NA,NA,NA,NA,NA,NA,NA,NA,NA,NA,NA,NA,NA,NA,NA,NA,NA,NA,NA,NA
2000,"Lucy Pearl","Dance Tonight","3:45","R&B","2000-05-20","2000-07-29",80,75,63,59,55,49,42,42,40,40,36,43,46,54,72,84,84,86,92,NA,NA,NA,NA,NA,"","","",NA,NA,NA,NA,NA,NA,NA,NA,NA,NA,NA,NA,NA,NA,NA,NA,NA,NA,NA,NA,NA,NA,NA,NA,NA,NA,NA,NA,NA,NA,NA,NA,NA,NA,NA,NA,NA,NA,NA,NA,NA,NA,NA,NA,NA,NA,NA,NA,NA
2000,"Jackson, Alan","It Must Be Love","2:53","Country","2000-06-24","2000-09-02",76,74,68,63,57,49,44,39,39,38,37,37,40,47,62,64,75,80,84,89,NA,NA,NA,NA,"","","",NA,NA,NA,NA,NA,NA,NA,NA,NA,NA,NA,NA,NA,NA,NA,NA,NA,NA,NA,NA,NA,NA,NA,NA,NA,NA,NA,NA,NA,NA,NA,NA,NA,NA,NA,NA,NA,NA,NA,NA,NA,NA,NA,NA,NA,NA,NA,NA,NA
2000,"Griggs, Andy","She's More","3:19","Country","2000-03-11","2000-06-10",81,76,69,67,62,55,52,51,51,48,47,43,42,37,41,50,69,73,77,85,NA,NA,NA,NA,"","","",NA,NA,NA,NA,NA,NA,NA,NA,NA,NA,NA,NA,NA,NA,NA,NA,NA,NA,NA,NA,NA,NA,NA,NA,NA,NA,NA,NA,NA,NA,NA,NA,NA,NA,NA,NA,NA,NA,NA,NA,NA,NA,NA,NA,NA,NA,NA,NA,NA
2000,"No Doubt","Simple Kind Of Life","4:11","Rock","2000-07-01","2000-07-22",50,40,39,38,38,48,52,55,80,85,88,100,98,NA,NA,NA,NA,NA,NA,NA,NA,NA,NA,NA,"","","",NA,NA,NA,NA,NA,NA,NA,NA,NA,NA,NA,NA,NA,NA,NA,NA,NA,NA,NA,NA,NA,NA,NA,NA,NA,NA,NA,NA,NA,NA,NA,NA,NA,NA,NA,NA,NA,NA,NA,NA,NA,NA,NA,NA,NA,NA,NA,NA,NA
2000,"Jean, Wyclef","911","4:00","Rap","2000-10-07","2000-11-25",77,74,64,61,53,48,43,38,42,38,44,49,53,61,66,68,80,85,96,NA,NA,NA,NA,NA,"","","",NA,NA,NA,NA,NA,NA,NA,NA,NA,NA,NA,NA,NA,NA,NA,NA,NA,NA,NA,NA,NA,NA,NA,NA,NA,NA,NA,NA,NA,NA,NA,NA,NA,NA,NA,NA,NA,NA,NA,NA,NA,NA,NA,NA,NA,NA,NA,NA,NA
2000,"Rascal Flatts","Prayin' For Daylight","3:36","Country","2000-05-06","2000-08-12",87,78,72,68,66,64,58,58,56,54,49,46,46,41,38,38,47,65,72,77,NA,NA,NA,NA,"","","",NA,NA,NA,NA,NA,NA,NA,NA,NA,NA,NA,NA,NA,NA,NA,NA,NA,NA,NA,NA,NA,NA,NA,NA,NA,NA,NA,NA,NA,NA,NA,NA,NA,NA,NA,NA,NA,NA,NA,NA,NA,NA,NA,NA,NA,NA,NA,NA,NA
2000,"Vitamin C","Graduation (Friends Forever)","4:23","Rock","2000-04-15","2000-06-10",81,64,54,54,46,40,40,40,38,42,57,87,NA,NA,NA,NA,NA,NA,NA,NA,NA,NA,NA,NA,"","","",NA,NA,NA,NA,NA,NA,NA,NA,NA,NA,NA,NA,NA,NA,NA,NA,NA,NA,NA,NA,NA,NA,NA,NA,NA,NA,NA,NA,NA,NA,NA,NA,NA,NA,NA,NA,NA,NA,NA,NA,NA,NA,NA,NA,NA,NA,NA,NA,NA
2000,"Gilman, Billy","One Voice","4:07","Country","2000-06-17","2000-09-02",86,86,82,72,65,56,56,55,44,44,43,38,40,44,61,77,85,95,97,NA,NA,NA,NA,NA,"","","",NA,NA,NA,NA,NA,NA,NA,NA,NA,NA,NA,NA,NA,NA,NA,NA,NA,NA,NA,NA,NA,NA,NA,NA,NA,NA,NA,NA,NA,NA,NA,NA,NA,NA,NA,NA,NA,NA,NA,NA,NA,NA,NA,NA,NA,NA,NA,NA,NA
2000,"Lonestar","Smile","3:33","Country","1999-12-18","2000-02-12",89,80,80,80,65,47,44,42,39,39,43,41,43,45,50,58,67,78,85,91,NA,NA,NA,NA,"","","",NA,NA,NA,NA,NA,NA,NA,NA,NA,NA,NA,NA,NA,NA,NA,NA,NA,NA,NA,NA,NA,NA,NA,NA,NA,NA,NA,NA,NA,NA,NA,NA,NA,NA,NA,NA,NA,NA,NA,NA,NA,NA,NA,NA,NA,NA,NA,NA,NA
2000,"Rogers, Kenny","Buy Me A Rose","3:46","Country","2000-03-11","2000-05-06",79,72,65,65,54,46,46,43,40,40,46,54,58,66,73,82,86,84,88,91,NA,NA,NA,NA,"","","",NA,NA,NA,NA,NA,NA,NA,NA,NA,NA,NA,NA,NA,NA,NA,NA,NA,NA,NA,NA,NA,NA,NA,NA,NA,NA,NA,NA,NA,NA,NA,NA,NA,NA,NA,NA,NA,NA,NA,NA,NA,NA,NA,NA,NA,NA,NA,NA,NA
2000,"Lawrence, Tracy","Lessons Learned","2:55","Country","2000-01-29","2000-04-08",80,73,61,61,48,48,48,48,44,42,40,40,50,66,81,93,94,99,99,100,NA,NA,NA,NA,"","","",NA,NA,NA,NA,NA,NA,NA,NA,NA,NA,NA,NA,NA,NA,NA,NA,NA,NA,NA,NA,NA,NA,NA,NA,NA,NA,NA,NA,NA,NA,NA,NA,NA,NA,NA,NA,NA,NA,NA,NA,NA,NA,NA,NA,NA,NA,NA,NA,NA
2000,"Strait, George","Go On","3:48","Country","2000-08-26","2000-10-28",71,67,63,56,53,48,46,46,44,40,44,46,49,56,56,71,78,88,95,NA,97,NA,NA,NA,"","","",NA,NA,NA,NA,NA,NA,NA,NA,NA,NA,NA,NA,NA,NA,NA,NA,NA,NA,NA,NA,NA,NA,NA,NA,NA,NA,NA,NA,NA,NA,NA,NA,NA,NA,NA,NA,NA,NA,NA,NA,NA,NA,NA,NA,NA,NA,NA,NA,NA
2000,"Sisqo","Got To Get It","3:52","Rock","1999-11-20","2000-01-22",92,76,73,58,48,48,48,48,49,40,43,51,50,57,63,64,68,82,88,95,NA,NA,NA,NA,"","","",NA,NA,NA,NA,NA,NA,NA,NA,NA,NA,NA,NA,NA,NA,NA,NA,NA,NA,NA,NA,NA,NA,NA,NA,NA,NA,NA,NA,NA,NA,NA,NA,NA,NA,NA,NA,NA,NA,NA,NA,NA,NA,NA,NA,NA,NA,NA,NA,NA
2000,"Baha Men","Who Let The Dogs Out","3:17","R&B","2000-07-22","2000-10-21",99,92,85,76,65,54,61,58,54,54,53,53,43,40,44,41,51,65,78,84,NA,NA,NA,NA,"","","",NA,NA,NA,NA,NA,NA,NA,NA,NA,NA,NA,NA,NA,NA,NA,NA,NA,NA,NA,NA,NA,NA,NA,NA,NA,NA,NA,NA,NA,NA,NA,NA,NA,NA,NA,NA,NA,NA,NA,NA,NA,NA,NA,NA,NA,NA,NA,NA,NA
2000,"Walker, Clay","The Chain Of Love","5:03","Country","2000-04-15","2000-06-10",73,65,57,57,51,48,44,43,40,45,44,53,57,68,71,81,90,94,94,95,NA,NA,NA,NA,"","","",NA,NA,NA,NA,NA,NA,NA,NA,NA,NA,NA,NA,NA,NA,NA,NA,NA,NA,NA,NA,NA,NA,NA,NA,NA,NA,NA,NA,NA,NA,NA,NA,NA,NA,NA,NA,NA,NA,NA,NA,NA,NA,NA,NA,NA,NA,NA,NA,NA
2000,"McBride, Martina","Love's The Only House","5:13","Country","2000-02-05","2000-04-15",79,69,65,58,53,52,52,48,45,43,42,42,50,60,64,75,91,93,92,90,NA,NA,NA,NA,"","","",NA,NA,NA,NA,NA,NA,NA,NA,NA,NA,NA,NA,NA,NA,NA,NA,NA,NA,NA,NA,NA,NA,NA,NA,NA,NA,NA,NA,NA,NA,NA,NA,NA,NA,NA,NA,NA,NA,NA,NA,NA,NA,NA,NA,NA,NA,NA,NA,NA
2000,"Amber","Sexual (Li Da Di)","4:38","Rock","1999-07-17","2000-02-12",99,99,96,96,100,93,93,96,NA,NA,99,NA,96,96,99,98,98,NA,95,88,88,79,76,69,"69","59","58",58,49,44,42,46,50,NA,NA,NA,NA,NA,NA,NA,NA,NA,NA,NA,NA,NA,NA,NA,NA,NA,NA,NA,NA,NA,NA,NA,NA,NA,NA,NA,NA,NA,NA,NA,NA,NA,NA,NA,NA,NA,NA,NA,NA,NA,NA,NA
2000,"Tippin, Aaron","Kiss This","2:53","Country","2000-08-26","2000-10-21",74,72,66,53,52,47,47,45,42,46,51,60,68,69,78,94,87,92,97,99,NA,NA,NA,NA,"","","",NA,NA,NA,NA,NA,NA,NA,NA,NA,NA,NA,NA,NA,NA,NA,NA,NA,NA,NA,NA,NA,NA,NA,NA,NA,NA,NA,NA,NA,NA,NA,NA,NA,NA,NA,NA,NA,NA,NA,NA,NA,NA,NA,NA,NA,NA,NA,NA,NA
2000,"SheDaisy","I Will.. But","3:40","Country","2000-07-15","2000-09-16",78,74,70,61,59,52,48,47,45,43,44,43,52,56,70,80,86,81,85,87,NA,NA,NA,NA,"","","",NA,NA,NA,NA,NA,NA,NA,NA,NA,NA,NA,NA,NA,NA,NA,NA,NA,NA,NA,NA,NA,NA,NA,NA,NA,NA,NA,NA,NA,NA,NA,NA,NA,NA,NA,NA,NA,NA,NA,NA,NA,NA,NA,NA,NA,NA,NA,NA,NA
2000,"Raye, Collin","Couldn't Last A Moment","3:40","Country","2000-03-18","2000-06-24",91,85,75,73,67,63,63,63,56,49,48,46,44,44,43,45,53,66,73,89,NA,NA,NA,NA,"","","",NA,NA,NA,NA,NA,NA,NA,NA,NA,NA,NA,NA,NA,NA,NA,NA,NA,NA,NA,NA,NA,NA,NA,NA,NA,NA,NA,NA,NA,NA,NA,NA,NA,NA,NA,NA,NA,NA,NA,NA,NA,NA,NA,NA,NA,NA,NA,NA,NA
2000,"Black Rob","Whoa!","4:04","Rap","2000-03-04","2000-04-15",78,59,53,52,47,46,43,47,47,58,54,57,70,85,84,93,97,NA,NA,NA,NA,NA,NA,NA,"","","",NA,NA,NA,NA,NA,NA,NA,NA,NA,NA,NA,NA,NA,NA,NA,NA,NA,NA,NA,NA,NA,NA,NA,NA,NA,NA,NA,NA,NA,NA,NA,NA,NA,NA,NA,NA,NA,NA,NA,NA,NA,NA,NA,NA,NA,NA,NA,NA,NA
2000,"Jackson, Alan","Pop A Top","3:04","Country","1999-11-13","2000-01-22",79,73,70,64,63,57,55,55,63,52,43,47,55,78,95,100,NA,100,NA,NA,NA,NA,NA,NA,"","","",NA,NA,NA,NA,NA,NA,NA,NA,NA,NA,NA,NA,NA,NA,NA,NA,NA,NA,NA,NA,NA,NA,NA,NA,NA,NA,NA,NA,NA,NA,NA,NA,NA,NA,NA,NA,NA,NA,NA,NA,NA,NA,NA,NA,NA,NA,NA,NA,NA
2000,"Black, Clint","Been There","5:28","Country","2000-02-19","2000-04-15",87,73,62,58,58,57,51,47,44,44,44,55,53,53,63,84,85,87,95,100,NA,NA,NA,NA,"","","",NA,NA,NA,NA,NA,NA,NA,NA,NA,NA,NA,NA,NA,NA,NA,NA,NA,NA,NA,NA,NA,NA,NA,NA,NA,NA,NA,NA,NA,NA,NA,NA,NA,NA,NA,NA,NA,NA,NA,NA,NA,NA,NA,NA,NA,NA,NA,NA,NA
2000,"Common","The Light","3:55","Rap","2000-08-05","2000-09-09",75,55,53,49,46,44,49,51,51,56,52,56,70,82,86,89,93,93,99,NA,NA,NA,NA,NA,"","","",NA,NA,NA,NA,NA,NA,NA,NA,NA,NA,NA,NA,NA,NA,NA,NA,NA,NA,NA,NA,NA,NA,NA,NA,NA,NA,NA,NA,NA,NA,NA,NA,NA,NA,NA,NA,NA,NA,NA,NA,NA,NA,NA,NA,NA,NA,NA,NA,NA
2000,"Vassar, Phil","Carlene","4:07","Country","2000-03-04","2000-04-22",75,67,64,64,57,53,47,45,45,50,52,56,59,78,83,84,91,96,93,NA,NA,NA,NA,NA,"","","",NA,NA,NA,NA,NA,NA,NA,NA,NA,NA,NA,NA,NA,NA,NA,NA,NA,NA,NA,NA,NA,NA,NA,NA,NA,NA,NA,NA,NA,NA,NA,NA,NA,NA,NA,NA,NA,NA,NA,NA,NA,NA,NA,NA,NA,NA,NA,NA,NA
2000,"Jackson, Alan","www.memory","2:36","Country","2000-11-04","2000-12-23",75,59,59,54,50,49,47,45,49,69,63,67,77,89,99,NA,NA,NA,NA,NA,NA,NA,NA,NA,"","","",NA,NA,NA,NA,NA,NA,NA,NA,NA,NA,NA,NA,NA,NA,NA,NA,NA,NA,NA,NA,NA,NA,NA,NA,NA,NA,NA,NA,NA,NA,NA,NA,NA,NA,NA,NA,NA,NA,NA,NA,NA,NA,NA,NA,NA,NA,NA,NA,NA
2000,"Vitamin C","The Itch","3:30","Rock","2000-12-02","2000-12-16",86,48,45,52,57,58,76,95,100,NA,NA,NA,NA,NA,NA,NA,NA,NA,NA,NA,NA,NA,NA,NA,"","","",NA,NA,NA,NA,NA,NA,NA,NA,NA,NA,NA,NA,NA,NA,NA,NA,NA,NA,NA,NA,NA,NA,NA,NA,NA,NA,NA,NA,NA,NA,NA,NA,NA,NA,NA,NA,NA,NA,NA,NA,NA,NA,NA,NA,NA,NA,NA,NA,NA
2000,"Eastsidaz, The","G'D Up","4:27","Rap","2000-01-08","2000-02-12",77,77,89,64,57,47,47,55,65,69,83,82,90,94,NA,NA,NA,NA,NA,NA,NA,NA,NA,NA,"","","",NA,NA,NA,NA,NA,NA,NA,NA,NA,NA,NA,NA,NA,NA,NA,NA,NA,NA,NA,NA,NA,NA,NA,NA,NA,NA,NA,NA,NA,NA,NA,NA,NA,NA,NA,NA,NA,NA,NA,NA,NA,NA,NA,NA,NA,NA,NA,NA,NA
2000,"Ideal","Whatever","3:48","R&B","2000-06-10","2000-08-19",75,75,67,73,64,56,54,54,54,48,47,50,60,68,73,81,92,90,NA,NA,NA,NA,NA,NA,"","","",NA,NA,NA,NA,NA,NA,NA,NA,NA,NA,NA,NA,NA,NA,NA,NA,NA,NA,NA,NA,NA,NA,NA,NA,NA,NA,NA,NA,NA,NA,NA,NA,NA,NA,NA,NA,NA,NA,NA,NA,NA,NA,NA,NA,NA,NA,NA,NA,NA
2000,"Thomas, Carl","Emotional","4:31","Rock","2000-11-25","2000-12-30",77,63,61,58,54,47,53,52,49,52,60,62,69,69,63,76,87,82,91,99,NA,NA,NA,NA,"","","",NA,NA,NA,NA,NA,NA,NA,NA,NA,NA,NA,NA,NA,NA,NA,NA,NA,NA,NA,NA,NA,NA,NA,NA,NA,NA,NA,NA,NA,NA,NA,NA,NA,NA,NA,NA,NA,NA,NA,NA,NA,NA,NA,NA,NA,NA,NA,NA,NA
2000,"Ginuwine","None Of Ur Friends Business","4:12","Rock","1999-12-11","2000-01-22",94,84,71,71,60,63,48,48,48,55,64,71,85,85,92,NA,NA,NA,NA,NA,NA,NA,NA,NA,"","","",NA,NA,NA,NA,NA,NA,NA,NA,NA,NA,NA,NA,NA,NA,NA,NA,NA,NA,NA,NA,NA,NA,NA,NA,NA,NA,NA,NA,NA,NA,NA,NA,NA,NA,NA,NA,NA,NA,NA,NA,NA,NA,NA,NA,NA,NA,NA,NA,NA
2000,"Davidson, Clay","Unconditional","3:56","Country","2000-03-25","2000-06-17",97,97,97,90,83,78,74,69,60,56,54,50,49,55,52,51,51,62,63,83,NA,NA,NA,NA,"","","",NA,NA,NA,NA,NA,NA,NA,NA,NA,NA,NA,NA,NA,NA,NA,NA,NA,NA,NA,NA,NA,NA,NA,NA,NA,NA,NA,NA,NA,NA,NA,NA,NA,NA,NA,NA,NA,NA,NA,NA,NA,NA,NA,NA,NA,NA,NA,NA,NA
2000,"DMX","What You Want","4:05","Rap","2000-07-01","2000-09-23",98,95,95,87,86,79,62,60,58,57,52,55,49,57,62,65,87,89,99,100,NA,NA,NA,NA,"","","",NA,NA,NA,NA,NA,NA,NA,NA,NA,NA,NA,NA,NA,NA,NA,NA,NA,NA,NA,NA,NA,NA,NA,NA,NA,NA,NA,NA,NA,NA,NA,NA,NA,NA,NA,NA,NA,NA,NA,NA,NA,NA,NA,NA,NA,NA,NA,NA,NA
2000,"John, Elton","Someday Out Of The Blue","4:41","Rock","2000-04-22","2000-05-06",56,56,49,59,67,60,64,73,81,90,93,89,98,94,99,NA,NA,NA,NA,NA,NA,NA,NA,NA,"","","",NA,NA,NA,NA,NA,NA,NA,NA,NA,NA,NA,NA,NA,NA,NA,NA,NA,NA,NA,NA,NA,NA,NA,NA,NA,NA,NA,NA,NA,NA,NA,NA,NA,NA,NA,NA,NA,NA,NA,NA,NA,NA,NA,NA,NA,NA,NA,NA,NA
2000,"Pearl Jam","Nothing As It Seems","5:20","Rock","2000-05-13","2000-05-13",49,70,84,89,93,91,NA,NA,NA,NA,NA,NA,NA,NA,NA,NA,NA,NA,NA,NA,NA,NA,NA,NA,"","","",NA,NA,NA,NA,NA,NA,NA,NA,NA,NA,NA,NA,NA,NA,NA,NA,NA,NA,NA,NA,NA,NA,NA,NA,NA,NA,NA,NA,NA,NA,NA,NA,NA,NA,NA,NA,NA,NA,NA,NA,NA,NA,NA,NA,NA,NA,NA,NA,NA
2000,"Mya","The Best Of Me","4:12","Rock","2000-04-15","2000-05-20",85,70,65,62,55,50,50,56,61,61,72,84,81,86,86,94,97,NA,NA,NA,NA,NA,NA,NA,"","","",NA,NA,NA,NA,NA,NA,NA,NA,NA,NA,NA,NA,NA,NA,NA,NA,NA,NA,NA,NA,NA,NA,NA,NA,NA,NA,NA,NA,NA,NA,NA,NA,NA,NA,NA,NA,NA,NA,NA,NA,NA,NA,NA,NA,NA,NA,NA,NA,NA
2000,"Heatherly, Eric","Flowers On The Wall","3:16","Country","2000-04-29","2000-08-12",95,88,88,82,82,77,72,67,65,65,65,60,60,53,51,50,57,77,83,89,NA,NA,NA,NA,"","","",NA,NA,NA,NA,NA,NA,NA,NA,NA,NA,NA,NA,NA,NA,NA,NA,NA,NA,NA,NA,NA,NA,NA,NA,NA,NA,NA,NA,NA,NA,NA,NA,NA,NA,NA,NA,NA,NA,NA,NA,NA,NA,NA,NA,NA,NA,NA,NA,NA
2000,"Eminem","Stan","5:26","Rap","2000-11-04","2000-12-02",78,67,57,57,51,51,51,57,55,70,69,77,88,93,100,NA,NA,NA,NA,NA,NA,NA,NA,NA,"","","",NA,NA,NA,NA,NA,NA,NA,NA,NA,NA,NA,NA,NA,NA,NA,NA,NA,NA,NA,NA,NA,NA,NA,NA,NA,NA,NA,NA,NA,NA,NA,NA,NA,NA,NA,NA,NA,NA,NA,NA,NA,NA,NA,NA,NA,NA,NA,NA,NA
2000,"McEntire, Reba","I'll Be","4:23","Country","2000-05-13","2000-07-29",89,79,79,72,69,64,61,57,55,55,52,51,53,60,81,84,93,91,94,100,NA,NA,NA,NA,"","","",NA,NA,NA,NA,NA,NA,NA,NA,NA,NA,NA,NA,NA,NA,NA,NA,NA,NA,NA,NA,NA,NA,NA,NA,NA,NA,NA,NA,NA,NA,NA,NA,NA,NA,NA,NA,NA,NA,NA,NA,NA,NA,NA,NA,NA,NA,NA,NA,NA
2000,"Lopez, Jennifer","Feelin' Good","4:28","Latin","2000-02-19","2000-04-08",79,79,66,54,54,54,54,51,61,79,96,NA,NA,64,74,73,79,82,96,NA,NA,NA,NA,NA,"","","",NA,NA,NA,NA,NA,NA,NA,NA,NA,NA,NA,NA,NA,NA,NA,NA,NA,NA,NA,NA,NA,NA,NA,NA,NA,NA,NA,NA,NA,NA,NA,NA,NA,NA,NA,NA,NA,NA,NA,NA,NA,NA,NA,NA,NA,NA,NA,NA,NA
2000,"Urban, Keith","Your Everything","4:10","Country","2000-07-15","2000-09-16",81,80,73,73,67,64,60,59,53,51,55,66,84,90,96,100,NA,NA,NA,NA,NA,NA,NA,NA,"","","",NA,NA,NA,NA,NA,NA,NA,NA,NA,NA,NA,NA,NA,NA,NA,NA,NA,NA,NA,NA,NA,NA,NA,NA,NA,NA,NA,NA,NA,NA,NA,NA,NA,NA,NA,NA,NA,NA,NA,NA,NA,NA,NA,NA,NA,NA,NA,NA,NA
2000,"TLC","Dear Lie","4:36","Rock","2000-02-12","2000-03-04",63,55,52,51,56,74,92,NA,NA,NA,NA,NA,NA,NA,NA,NA,NA,NA,NA,NA,NA,NA,NA,NA,"","","",NA,NA,NA,NA,NA,NA,NA,NA,NA,NA,NA,NA,NA,NA,NA,NA,NA,NA,NA,NA,NA,NA,NA,NA,NA,NA,NA,NA,NA,NA,NA,NA,NA,NA,NA,NA,NA,NA,NA,NA,NA,NA,NA,NA,NA,NA,NA,NA,NA
2000,"Gill, Vince","Feels Like Love","4:13","Country","2000-09-02","2000-11-18",82,76,74,73,73,65,59,58,54,54,53,52,55,52,57,76,91,99,NA,91,89,NA,NA,NA,"","","",NA,NA,NA,NA,NA,NA,NA,NA,NA,NA,NA,NA,NA,NA,NA,NA,NA,NA,NA,NA,NA,NA,NA,NA,NA,NA,NA,NA,NA,NA,NA,NA,NA,NA,NA,NA,NA,NA,NA,NA,NA,NA,NA,NA,NA,NA,NA,NA,NA
2000,"Houston, Whitney","Could I Have This Kiss Forever","3:54","Rock","2000-06-17","2000-08-05",74,68,68,67,59,59,60,52,54,56,59,70,69,81,87,95,98,100,NA,97,NA,NA,NA,NA,"","","",NA,NA,NA,NA,NA,NA,NA,NA,NA,NA,NA,NA,NA,NA,NA,NA,NA,NA,NA,NA,NA,NA,NA,NA,NA,NA,NA,NA,NA,NA,NA,NA,NA,NA,NA,NA,NA,NA,NA,NA,NA,NA,NA,NA,NA,NA,NA,NA,NA
2000,"Bloodhound Gang","The Bad Touch","4:20","R&B","2000-03-18","2000-04-15",70,62,55,55,52,57,72,80,82,92,96,98,NA,NA,NA,NA,NA,NA,NA,NA,NA,NA,NA,NA,"","","",NA,NA,NA,NA,NA,NA,NA,NA,NA,NA,NA,NA,NA,NA,NA,NA,NA,NA,NA,NA,NA,NA,NA,NA,NA,NA,NA,NA,NA,NA,NA,NA,NA,NA,NA,NA,NA,NA,NA,NA,NA,NA,NA,NA,NA,NA,NA,NA,NA
2000,"Williams, Robbie","Angels","3:56","Rock","1999-11-20","2000-01-22",85,77,69,69,62,56,56,64,54,53,72,83,81,88,96,93,91,89,95,NA,NA,NA,NA,NA,"","","",NA,NA,NA,NA,NA,NA,NA,NA,NA,NA,NA,NA,NA,NA,NA,NA,NA,NA,NA,NA,NA,NA,NA,NA,NA,NA,NA,NA,NA,NA,NA,NA,NA,NA,NA,NA,NA,NA,NA,NA,NA,NA,NA,NA,NA,NA,NA,NA,NA
2000,"Messina, Jo Dee","Because You Love Me","3:50","Country","2000-01-29","2000-03-11",83,78,71,71,66,55,53,57,61,61,61,72,93,NA,NA,NA,NA,NA,NA,NA,NA,NA,NA,NA,"","","",NA,NA,NA,NA,NA,NA,NA,NA,NA,NA,NA,NA,NA,NA,NA,NA,NA,NA,NA,NA,NA,NA,NA,NA,NA,NA,NA,NA,NA,NA,NA,NA,NA,NA,NA,NA,NA,NA,NA,NA,NA,NA,NA,NA,NA,NA,NA,NA,NA
2000,"Keith, Toby","Country Comes To Town","3:39","Country","2000-08-05","2000-10-14",82,78,75,69,66,62,59,58,55,55,54,62,81,95,93,NA,NA,NA,NA,NA,NA,NA,NA,NA,"","","",NA,NA,NA,NA,NA,NA,NA,NA,NA,NA,NA,NA,NA,NA,NA,NA,NA,NA,NA,NA,NA,NA,NA,NA,NA,NA,NA,NA,NA,NA,NA,NA,NA,NA,NA,NA,NA,NA,NA,NA,NA,NA,NA,NA,NA,NA,NA,NA,NA
2000,"Beenie Man","Girls Dem Sugar","4:17","Reggae","2000-10-21","2000-12-02",72,72,63,56,62,63,54,60,69,75,84,92,85,84,95,NA,NA,NA,NA,NA,NA,NA,NA,NA,"","","",NA,NA,NA,NA,NA,NA,NA,NA,NA,NA,NA,NA,NA,NA,NA,NA,NA,NA,NA,NA,NA,NA,NA,NA,NA,NA,NA,NA,NA,NA,NA,NA,NA,NA,NA,NA,NA,NA,NA,NA,NA,NA,NA,NA,NA,NA,NA,NA,NA
2000,"Hill, Faith","Let's Make Love","4:11","Rap","2000-08-12","2000-10-21",83,83,73,73,67,60,60,60,57,55,54,69,88,91,NA,NA,NA,NA,NA,NA,NA,NA,NA,NA,"","","",NA,NA,NA,NA,NA,NA,NA,NA,NA,NA,NA,NA,NA,NA,NA,NA,NA,NA,NA,NA,NA,NA,NA,NA,NA,NA,NA,NA,NA,NA,NA,NA,NA,NA,NA,NA,NA,NA,NA,NA,NA,NA,NA,NA,NA,NA,NA,NA,NA
2000,"Kelis","Caught Out There","4:09","R&B","1999-12-04","2000-01-08",84,68,67,63,63,54,56,59,68,67,75,90,NA,NA,NA,NA,NA,NA,NA,NA,NA,NA,NA,NA,"","","",NA,NA,NA,NA,NA,NA,NA,NA,NA,NA,NA,NA,NA,NA,NA,NA,NA,NA,NA,NA,NA,NA,NA,NA,NA,NA,NA,NA,NA,NA,NA,NA,NA,NA,NA,NA,NA,NA,NA,NA,NA,NA,NA,NA,NA,NA,NA,NA,NA
2000,"Jay-Z","Anything","3:41","Rap","2000-02-26","2000-03-11",72,58,55,55,63,74,86,92,NA,NA,NA,NA,NA,NA,NA,NA,NA,NA,NA,NA,NA,NA,NA,NA,"","","",NA,NA,NA,NA,NA,NA,NA,NA,NA,NA,NA,NA,NA,NA,NA,NA,NA,NA,NA,NA,NA,NA,NA,NA,NA,NA,NA,NA,NA,NA,NA,NA,NA,NA,NA,NA,NA,NA,NA,NA,NA,NA,NA,NA,NA,NA,NA,NA,NA
2000,"3 Doors Down","Loser","4:24","Rock","2000-10-21","2000-12-02",76,76,72,69,67,65,55,59,62,61,61,59,61,66,72,76,75,67,73,70,NA,NA,NA,NA,"","","",NA,NA,NA,NA,NA,NA,NA,NA,NA,NA,NA,NA,NA,NA,NA,NA,NA,NA,NA,NA,NA,NA,NA,NA,NA,NA,NA,NA,NA,NA,NA,NA,NA,NA,NA,NA,NA,NA,NA,NA,NA,NA,NA,NA,NA,NA,NA,NA,NA
2000,"Brooks & Dunn","You'll Always Be Loved By Me","2:58","Country","2000-06-10","2000-09-09",95,85,85,85,83,83,82,74,74,68,62,56,56,55,62,71,86,100,98,NA,NA,NA,NA,NA,"","","",NA,NA,NA,NA,NA,NA,NA,NA,NA,NA,NA,NA,NA,NA,NA,NA,NA,NA,NA,NA,NA,NA,NA,NA,NA,NA,NA,NA,NA,NA,NA,NA,NA,NA,NA,NA,NA,NA,NA,NA,NA,NA,NA,NA,NA,NA,NA,NA,NA
2000,"Chesney, Kenny","What I Need To Do","4:05","Country","2000-04-01","2000-06-10",79,74,68,72,69,69,62,58,57,57,56,56,56,72,80,93,95,NA,NA,NA,NA,NA,NA,NA,"","","",NA,NA,NA,NA,NA,NA,NA,NA,NA,NA,NA,NA,NA,NA,NA,NA,NA,NA,NA,NA,NA,NA,NA,NA,NA,NA,NA,NA,NA,NA,NA,NA,NA,NA,NA,NA,NA,NA,NA,NA,NA,NA,NA,NA,NA,NA,NA,NA,NA
2000,"Stone, Angie","No More Rain (In This Cloud)","4:42","R&B","1999-12-25","2000-01-22",86,86,74,66,56,60,56,60,67,69,63,73,71,81,89,98,100,NA,NA,NA,NA,NA,NA,NA,"","","",NA,NA,NA,NA,NA,NA,NA,NA,NA,NA,NA,NA,NA,NA,NA,NA,NA,NA,NA,NA,NA,NA,NA,NA,NA,NA,NA,NA,NA,NA,NA,NA,NA,NA,NA,NA,NA,NA,NA,NA,NA,NA,NA,NA,NA,NA,NA,NA,NA
2000,"Da Brat","That's What I'm Looking For","3:44","Rap","2000-02-26","2000-04-15",93,73,60,60,60,60,63,56,58,70,71,72,90,94,94,94,94,100,NA,NA,NA,NA,NA,NA,"","","",NA,NA,NA,NA,NA,NA,NA,NA,NA,NA,NA,NA,NA,NA,NA,NA,NA,NA,NA,NA,NA,NA,NA,NA,NA,NA,NA,NA,NA,NA,NA,NA,NA,NA,NA,NA,NA,NA,NA,NA,NA,NA,NA,NA,NA,NA,NA,NA,NA
2000,"SheDaisy","This Woman Needs","3:20","Country","2000-02-05","2000-03-04",82,70,70,67,57,57,61,68,82,NA,NA,NA,NA,NA,NA,NA,NA,NA,NA,NA,NA,NA,NA,NA,"","","",NA,NA,NA,NA,NA,NA,NA,NA,NA,NA,NA,NA,NA,NA,NA,NA,NA,NA,NA,NA,NA,NA,NA,NA,NA,NA,NA,NA,NA,NA,NA,NA,NA,NA,NA,NA,NA,NA,NA,NA,NA,NA,NA,NA,NA,NA,NA,NA,NA
2000,"Papa Roach","Last Resort","3:19","Rock","2000-07-29","2000-12-02",75,71,69,69,66,64,61,61,66,64,63,60,65,66,62,66,64,64,57,72,NA,NA,NA,NA,"","","",NA,NA,NA,NA,NA,NA,NA,NA,NA,NA,NA,NA,NA,NA,NA,NA,NA,NA,NA,NA,NA,NA,NA,NA,NA,NA,NA,NA,NA,NA,NA,NA,NA,NA,NA,NA,NA,NA,NA,NA,NA,NA,NA,NA,NA,NA,NA,NA,NA
2000,"Adams, Yolanda","Open My Heart","5:30","Gospel","2000-08-26","2000-10-21",76,76,74,69,68,67,61,58,57,59,66,68,61,67,59,63,67,71,79,89,NA,NA,NA,NA,"","","",NA,NA,NA,NA,NA,NA,NA,NA,NA,NA,NA,NA,NA,NA,NA,NA,NA,NA,NA,NA,NA,NA,NA,NA,NA,NA,NA,NA,NA,NA,NA,NA,NA,NA,NA,NA,NA,NA,NA,NA,NA,NA,NA,NA,NA,NA,NA,NA,NA
2000,"Shyne","Bad Boyz","4:22","Rap","2000-09-09","2000-10-28",94,87,90,90,82,67,61,57,71,78,74,81,88,96,100,NA,NA,NA,NA,NA,NA,NA,NA,NA,"","","",NA,NA,NA,NA,NA,NA,NA,NA,NA,NA,NA,NA,NA,NA,NA,NA,NA,NA,NA,NA,NA,NA,NA,NA,NA,NA,NA,NA,NA,NA,NA,NA,NA,NA,NA,NA,NA,NA,NA,NA,NA,NA,NA,NA,NA,NA,NA,NA,NA
2000,"R.E.M.","The Great Beyond","4:10","Rock","1999-12-25","2000-01-29",79,79,70,62,60,57,61,66,60,59,60,63,79,91,NA,NA,NA,NA,NA,NA,NA,NA,NA,NA,"","","",NA,NA,NA,NA,NA,NA,NA,NA,NA,NA,NA,NA,NA,NA,NA,NA,NA,NA,NA,NA,NA,NA,NA,NA,NA,NA,NA,NA,NA,NA,NA,NA,NA,NA,NA,NA,NA,NA,NA,NA,NA,NA,NA,NA,NA,NA,NA,NA,NA
2000,"Diffie, Joe","It's Always Somethin'","2:55","Country","2000-08-12","2000-09-16",81,78,67,63,60,57,63,69,78,85,92,92,NA,99,100,NA,NA,NA,NA,NA,NA,NA,NA,NA,"","","",NA,NA,NA,NA,NA,NA,NA,NA,NA,NA,NA,NA,NA,NA,NA,NA,NA,NA,NA,NA,NA,NA,NA,NA,NA,NA,NA,NA,NA,NA,NA,NA,NA,NA,NA,NA,NA,NA,NA,NA,NA,NA,NA,NA,NA,NA,NA,NA,NA
2000,"McGraw, Tim","Some Things Never Change","3:56","Country","2000-05-13","2000-07-01",76,66,66,65,63,60,60,58,58,58,58,59,70,93,NA,NA,NA,NA,NA,NA,NA,NA,NA,NA,"","","",NA,NA,NA,NA,NA,NA,NA,NA,NA,NA,NA,NA,NA,NA,NA,NA,NA,NA,NA,NA,NA,NA,NA,NA,NA,NA,NA,NA,NA,NA,NA,NA,NA,NA,NA,NA,NA,NA,NA,NA,NA,NA,NA,NA,NA,NA,NA,NA,NA
2000,"Henley, Don","Taking You Home","4:08","Rock","2000-06-24","2000-08-05",79,77,74,73,66,62,58,58,61,68,71,71,79,83,85,87,83,90,87,87,NA,NA,NA,NA,"","","",NA,NA,NA,NA,NA,NA,NA,NA,NA,NA,NA,NA,NA,NA,NA,NA,NA,NA,NA,NA,NA,NA,NA,NA,NA,NA,NA,NA,NA,NA,NA,NA,NA,NA,NA,NA,NA,NA,NA,NA,NA,NA,NA,NA,NA,NA,NA,NA,NA
2000,"Eminem","The Way I Am","4:40","Rap","2000-08-26","2000-09-30",87,74,59,65,59,58,59,62,89,86,NA,NA,NA,NA,NA,NA,NA,NA,NA,NA,NA,NA,NA,NA,"","","",NA,NA,NA,NA,NA,NA,NA,NA,NA,NA,NA,NA,NA,NA,NA,NA,NA,NA,NA,NA,NA,NA,NA,NA,NA,NA,NA,NA,NA,NA,NA,NA,NA,NA,NA,NA,NA,NA,NA,NA,NA,NA,NA,NA,NA,NA,NA,NA,NA
2000,"Nas","You Owe Me","3:51","R&B","2000-03-25","2000-04-15",74,72,68,59,59,59,67,67,63,69,75,82,79,88,95,96,NA,NA,NA,NA,NA,NA,NA,NA,"","","",NA,NA,NA,NA,NA,NA,NA,NA,NA,NA,NA,NA,NA,NA,NA,NA,NA,NA,NA,NA,NA,NA,NA,NA,NA,NA,NA,NA,NA,NA,NA,NA,NA,NA,NA,NA,NA,NA,NA,NA,NA,NA,NA,NA,NA,NA,NA,NA,NA
2000,"Sister Hazel","Change Your Mind","4:02","Rock","2000-07-15","2000-08-05",75,67,66,59,63,71,78,81,78,78,84,87,94,91,93,95,100,98,96,98,NA,NA,NA,NA,"","","",NA,NA,NA,NA,NA,NA,NA,NA,NA,NA,NA,NA,NA,NA,NA,NA,NA,NA,NA,NA,NA,NA,NA,NA,NA,NA,NA,NA,NA,NA,NA,NA,NA,NA,NA,NA,NA,NA,NA,NA,NA,NA,NA,NA,NA,NA,NA,NA,NA
2000,"Puff Daddy","Best Friend","5:33","Rap","2000-02-12","2000-02-19",65,59,62,79,99,NA,NA,NA,NA,NA,NA,NA,NA,NA,NA,NA,NA,NA,NA,NA,NA,NA,NA,NA,"","","",NA,NA,NA,NA,NA,NA,NA,NA,NA,NA,NA,NA,NA,NA,NA,NA,NA,NA,NA,NA,NA,NA,NA,NA,NA,NA,NA,NA,NA,NA,NA,NA,NA,NA,NA,NA,NA,NA,NA,NA,NA,NA,NA,NA,NA,NA,NA,NA,NA
2000,"McBride, Martina","There You Are","3:26","Country","2000-09-09","2000-10-21",79,75,75,75,73,64,60,60,60,63,63,82,92,NA,NA,NA,NA,NA,NA,NA,NA,NA,NA,NA,"","","",NA,NA,NA,NA,NA,NA,NA,NA,NA,NA,NA,NA,NA,NA,NA,NA,NA,NA,NA,NA,NA,NA,NA,NA,NA,NA,NA,NA,NA,NA,NA,NA,NA,NA,NA,NA,NA,NA,NA,NA,NA,NA,NA,NA,NA,NA,NA,NA,NA
2000,"Usher","Pop Ya Collar","3:36","Rock","2000-11-04","2000-11-18",68,64,60,60,62,79,93,NA,NA,NA,NA,NA,NA,NA,NA,NA,NA,NA,NA,NA,NA,NA,NA,NA,"","","",NA,NA,NA,NA,NA,NA,NA,NA,NA,NA,NA,NA,NA,NA,NA,NA,NA,NA,NA,NA,NA,NA,NA,NA,NA,NA,NA,NA,NA,NA,NA,NA,NA,NA,NA,NA,NA,NA,NA,NA,NA,NA,NA,NA,NA,NA,NA,NA,NA
2000,"Lil' Kim","No Matter What They Say","4:12","Rap","2000-07-15","2000-08-05",80,72,67,60,65,73,81,86,90,97,NA,NA,NA,NA,NA,NA,NA,NA,NA,NA,NA,NA,NA,NA,"","","",NA,NA,NA,NA,NA,NA,NA,NA,NA,NA,NA,NA,NA,NA,NA,NA,NA,NA,NA,NA,NA,NA,NA,NA,NA,NA,NA,NA,NA,NA,NA,NA,NA,NA,NA,NA,NA,NA,NA,NA,NA,NA,NA,NA,NA,NA,NA,NA,NA
2000,"LFO","I Don't Wanna Kiss You Goodnight","5:00","Rock","2000-04-15","2000-04-22",63,61,68,73,91,NA,NA,NA,NA,NA,NA,NA,NA,NA,NA,NA,NA,NA,NA,NA,NA,NA,NA,NA,"","","",NA,NA,NA,NA,NA,NA,NA,NA,NA,NA,NA,NA,NA,NA,NA,NA,NA,NA,NA,NA,NA,NA,NA,NA,NA,NA,NA,NA,NA,NA,NA,NA,NA,NA,NA,NA,NA,NA,NA,NA,NA,NA,NA,NA,NA,NA,NA,NA,NA
2000,"SheDaisy","Deck The Halls","3:46","Country","1999-12-25","2000-01-01",97,61,NA,NA,NA,NA,NA,NA,NA,NA,NA,NA,NA,NA,NA,NA,NA,NA,NA,NA,NA,NA,NA,NA,"","","",NA,NA,NA,NA,NA,NA,NA,NA,NA,NA,NA,NA,NA,NA,NA,NA,NA,NA,NA,NA,NA,NA,NA,NA,NA,NA,NA,NA,NA,NA,NA,NA,NA,NA,NA,NA,NA,NA,NA,NA,NA,NA,NA,NA,NA,NA,NA,NA,NA
2000,"Splender","I Think God Can Explain","3:55","R&B","2000-06-10","2000-06-24",71,66,62,62,62,64,65,71,81,89,95,100,NA,NA,NA,NA,NA,NA,NA,NA,NA,NA,NA,NA,"","","",NA,NA,NA,NA,NA,NA,NA,NA,NA,NA,NA,NA,NA,NA,NA,NA,NA,NA,NA,NA,NA,NA,NA,NA,NA,NA,NA,NA,NA,NA,NA,NA,NA,NA,NA,NA,NA,NA,NA,NA,NA,NA,NA,NA,NA,NA,NA,NA,NA
2000,"Simpson, Jessica","Where You Are","3:51","Rock","2000-04-01","2000-04-15",73,66,62,62,76,93,NA,NA,NA,NA,NA,NA,NA,NA,NA,NA,NA,NA,NA,NA,NA,NA,NA,NA,"","","",NA,NA,NA,NA,NA,NA,NA,NA,NA,NA,NA,NA,NA,NA,NA,NA,NA,NA,NA,NA,NA,NA,NA,NA,NA,NA,NA,NA,NA,NA,NA,NA,NA,NA,NA,NA,NA,NA,NA,NA,NA,NA,NA,NA,NA,NA,NA,NA,NA
2000,"M2M","Mirror Mirror","3:19","Pop","2000-04-01","2000-05-27",87,87,94,91,75,68,65,86,62,70,74,70,70,80,82,87,90,96,NA,NA,NA,NA,NA,NA,"","","",NA,NA,NA,NA,NA,NA,NA,NA,NA,NA,NA,NA,NA,NA,NA,NA,NA,NA,NA,NA,NA,NA,NA,NA,NA,NA,NA,NA,NA,NA,NA,NA,NA,NA,NA,NA,NA,NA,NA,NA,NA,NA,NA,NA,NA,NA,NA,NA,NA
2000,"Kumbia Kings","U Don't Love Me","3:50","R&B","2000-03-04","2000-03-18",81,64,62,67,70,70,75,87,89,100,NA,NA,NA,NA,NA,NA,NA,NA,NA,NA,NA,NA,NA,NA,"","","",NA,NA,NA,NA,NA,NA,NA,NA,NA,NA,NA,NA,NA,NA,NA,NA,NA,NA,NA,NA,NA,NA,NA,NA,NA,NA,NA,NA,NA,NA,NA,NA,NA,NA,NA,NA,NA,NA,NA,NA,NA,NA,NA,NA,NA,NA,NA,NA,NA
2000,"Joe","Treat Her Like A Lady","4:12","Rock","2000-08-05","2000-08-19",77,75,63,63,69,64,68,67,72,79,78,84,85,90,89,99,100,NA,NA,NA,NA,NA,NA,NA,"","","",NA,NA,NA,NA,NA,NA,NA,NA,NA,NA,NA,NA,NA,NA,NA,NA,NA,NA,NA,NA,NA,NA,NA,NA,NA,NA,NA,NA,NA,NA,NA,NA,NA,NA,NA,NA,NA,NA,NA,NA,NA,NA,NA,NA,NA,NA,NA,NA,NA
2000,"Blige, Mary J.","Deep Inside","5:26","Rock","1999-11-13","2000-01-22",83,80,80,75,75,73,64,64,65,67,63,67,75,85,94,NA,NA,NA,NA,NA,NA,NA,NA,NA,"","","",NA,NA,NA,NA,NA,NA,NA,NA,NA,NA,NA,NA,NA,NA,NA,NA,NA,NA,NA,NA,NA,NA,NA,NA,NA,NA,NA,NA,NA,NA,NA,NA,NA,NA,NA,NA,NA,NA,NA,NA,NA,NA,NA,NA,NA,NA,NA,NA,NA
2000,"Price, Kelly","You Should've Told Me","3:12","Rock","2000-09-23","2000-12-02",91,91,91,87,86,79,79,75,70,68,64,64,68,70,74,90,86,85,93,92,NA,NA,NA,NA,"","","",NA,NA,NA,NA,NA,NA,NA,NA,NA,NA,NA,NA,NA,NA,NA,NA,NA,NA,NA,NA,NA,NA,NA,NA,NA,NA,NA,NA,NA,NA,NA,NA,NA,NA,NA,NA,NA,NA,NA,NA,NA,NA,NA,NA,NA,NA,NA,NA,NA
2000,"Changing Faces","That Other Woman","4:00","Rock","2000-09-30","2000-10-28",80,72,66,66,64,76,65,66,75,85,97,NA,NA,NA,NA,NA,NA,NA,NA,NA,NA,NA,NA,NA,"","","",NA,NA,NA,NA,NA,NA,NA,NA,NA,NA,NA,NA,NA,NA,NA,NA,NA,NA,NA,NA,NA,NA,NA,NA,NA,NA,NA,NA,NA,NA,NA,NA,NA,NA,NA,NA,NA,NA,NA,NA,NA,NA,NA,NA,NA,NA,NA,NA,NA
2000,"Wright, Chely","It Was","3:51","R&B","2000-03-04","2000-04-15",86,78,75,72,71,69,64,75,85,98,NA,NA,NA,NA,NA,NA,NA,NA,NA,NA,NA,NA,NA,NA,"","","",NA,NA,NA,NA,NA,NA,NA,NA,NA,NA,NA,NA,NA,NA,NA,NA,NA,NA,NA,NA,NA,NA,NA,NA,NA,NA,NA,NA,NA,NA,NA,NA,NA,NA,NA,NA,NA,NA,NA,NA,NA,NA,NA,NA,NA,NA,NA,NA,NA
2000,"Limp Bizkit","Rollin'","4:04","Rock","2000-11-11","2000-12-09",77,73,72,66,65,65,67,73,74,78,80,86,86,91,93,96,100,NA,NA,NA,NA,NA,NA,NA,"","","",NA,NA,NA,NA,NA,NA,NA,NA,NA,NA,NA,NA,NA,NA,NA,NA,NA,NA,NA,NA,NA,NA,NA,NA,NA,NA,NA,NA,NA,NA,NA,NA,NA,NA,NA,NA,NA,NA,NA,NA,NA,NA,NA,NA,NA,NA,NA,NA,NA
2000,"Hot Boys","I Need A Hot Girl","4:16","Rap","2000-02-19","2000-03-11",77,75,71,65,65,70,69,77,79,90,92,95,100,NA,NA,NA,NA,NA,NA,NA,NA,NA,NA,NA,"","","",NA,NA,NA,NA,NA,NA,NA,NA,NA,NA,NA,NA,NA,NA,NA,NA,NA,NA,NA,NA,NA,NA,NA,NA,NA,NA,NA,NA,NA,NA,NA,NA,NA,NA,NA,NA,NA,NA,NA,NA,NA,NA,NA,NA,NA,NA,NA,NA,NA
2000,"Jay-Z","Do It Again (Put Ya Hands Up)","3:47","Rap","2000-01-15","2000-01-29",95,68,65,65,74,84,92,96,95,NA,NA,NA,NA,NA,NA,NA,NA,NA,NA,NA,NA,NA,NA,NA,"","","",NA,NA,NA,NA,NA,NA,NA,NA,NA,NA,NA,NA,NA,NA,NA,NA,NA,NA,NA,NA,NA,NA,NA,NA,NA,NA,NA,NA,NA,NA,NA,NA,NA,NA,NA,NA,NA,NA,NA,NA,NA,NA,NA,NA,NA,NA,NA,NA,NA
2000,"Adkins, Trace","More","3:05","Country","2000-04-29","2000-06-17",84,84,75,73,73,69,68,65,73,83,92,NA,NA,NA,NA,NA,NA,NA,NA,NA,NA,NA,NA,NA,"","","",NA,NA,NA,NA,NA,NA,NA,NA,NA,NA,NA,NA,NA,NA,NA,NA,NA,NA,NA,NA,NA,NA,NA,NA,NA,NA,NA,NA,NA,NA,NA,NA,NA,NA,NA,NA,NA,NA,NA,NA,NA,NA,NA,NA,NA,NA,NA,NA,NA
2000,"Dixie Chicks, The","Cold Day In July","5:12","Country","2000-06-24","2000-08-05",80,79,76,72,68,68,65,70,84,91,NA,NA,NA,NA,NA,NA,NA,NA,NA,NA,NA,NA,NA,NA,"","","",NA,NA,NA,NA,NA,NA,NA,NA,NA,NA,NA,NA,NA,NA,NA,NA,NA,NA,NA,NA,NA,NA,NA,NA,NA,NA,NA,NA,NA,NA,NA,NA,NA,NA,NA,NA,NA,NA,NA,NA,NA,NA,NA,NA,NA,NA,NA,NA,NA
2000,"Price, Kelly","As We Lay","6:20","Rock","2000-07-15","2000-08-05",82,69,69,64,71,79,82,89,NA,NA,NA,NA,NA,NA,NA,NA,NA,NA,NA,NA,NA,NA,NA,NA,"","","",NA,NA,NA,NA,NA,NA,NA,NA,NA,NA,NA,NA,NA,NA,NA,NA,NA,NA,NA,NA,NA,NA,NA,NA,NA,NA,NA,NA,NA,NA,NA,NA,NA,NA,NA,NA,NA,NA,NA,NA,NA,NA,NA,NA,NA,NA,NA,NA,NA
2000,"DMX","What's My Name","3:50","Rap","2000-01-15","2000-02-12",98,76,69,69,67,73,76,90,90,94,100,NA,NA,NA,NA,NA,NA,NA,NA,NA,NA,NA,NA,NA,"","","",NA,NA,NA,NA,NA,NA,NA,NA,NA,NA,NA,NA,NA,NA,NA,NA,NA,NA,NA,NA,NA,NA,NA,NA,NA,NA,NA,NA,NA,NA,NA,NA,NA,NA,NA,NA,NA,NA,NA,NA,NA,NA,NA,NA,NA,NA,NA,NA,NA
2000,"Martin, Ricky","Private Emotion","4:02","Latin","2000-03-11","2000-03-18",76,67,71,78,89,NA,NA,NA,NA,NA,NA,NA,NA,NA,NA,NA,NA,NA,NA,NA,NA,NA,NA,NA,"","","",NA,NA,NA,NA,NA,NA,NA,NA,NA,NA,NA,NA,NA,NA,NA,NA,NA,NA,NA,NA,NA,NA,NA,NA,NA,NA,NA,NA,NA,NA,NA,NA,NA,NA,NA,NA,NA,NA,NA,NA,NA,NA,NA,NA,NA,NA,NA,NA,NA
2000,"Nine Days","If I Am","4:18","Rock","2000-12-02","2000-12-02",68,68,81,94,100,NA,NA,NA,NA,NA,NA,NA,NA,NA,NA,NA,NA,NA,NA,NA,NA,NA,NA,NA,"","","",NA,NA,NA,NA,NA,NA,NA,NA,NA,NA,NA,NA,NA,NA,NA,NA,NA,NA,NA,NA,NA,NA,NA,NA,NA,NA,NA,NA,NA,NA,NA,NA,NA,NA,NA,NA,NA,NA,NA,NA,NA,NA,NA,NA,NA,NA,NA,NA,NA
2000,"Blige, Mary J.","Give Me You","5:00","Rock","2000-04-15","2000-05-13",97,94,77,76,68,77,89,90,NA,100,NA,NA,NA,NA,NA,NA,NA,NA,NA,NA,NA,NA,NA,NA,"","","",NA,NA,NA,NA,NA,NA,NA,NA,NA,NA,NA,NA,NA,NA,NA,NA,NA,NA,NA,NA,NA,NA,NA,NA,NA,NA,NA,NA,NA,NA,NA,NA,NA,NA,NA,NA,NA,NA,NA,NA,NA,NA,NA,NA,NA,NA,NA,NA,NA
2000,"Red Hot Chili Peppers","Californication","5:21","Rock","2000-07-29","2000-10-14",72,72,72,77,79,77,75,84,85,79,74,69,74,75,77,71,78,89,97,NA,NA,NA,NA,NA,"","","",NA,NA,NA,NA,NA,NA,NA,NA,NA,NA,NA,NA,NA,NA,NA,NA,NA,NA,NA,NA,NA,NA,NA,NA,NA,NA,NA,NA,NA,NA,NA,NA,NA,NA,NA,NA,NA,NA,NA,NA,NA,NA,NA,NA,NA,NA,NA,NA,NA
2000,"Third Eye Blind","Deep Inside Of You","4:10","Rock","2000-09-02","2000-10-07",80,73,70,70,70,69,72,79,90,97,95,93,NA,NA,NA,NA,NA,NA,NA,NA,NA,NA,NA,NA,"","","",NA,NA,NA,NA,NA,NA,NA,NA,NA,NA,NA,NA,NA,NA,NA,NA,NA,NA,NA,NA,NA,NA,NA,NA,NA,NA,NA,NA,NA,NA,NA,NA,NA,NA,NA,NA,NA,NA,NA,NA,NA,NA,NA,NA,NA,NA,NA,NA,NA
2000,"Brooks, Garth","Do What You Gotta Do","2:56","Country","2000-02-19","2000-03-18",86,81,72,70,69,77,NA,NA,NA,NA,NA,NA,NA,NA,NA,NA,NA,NA,NA,NA,NA,NA,NA,NA,"","","",NA,NA,NA,NA,NA,NA,NA,NA,NA,NA,NA,NA,NA,NA,NA,NA,NA,NA,NA,NA,NA,NA,NA,NA,NA,NA,NA,NA,NA,NA,NA,NA,NA,NA,NA,NA,NA,NA,NA,NA,NA,NA,NA,NA,NA,NA,NA,NA,NA
2000,"Offspring, The","Original Prankster","3:42","Rock","2000-11-25","2000-12-09",74,71,70,70,77,78,91,89,92,NA,NA,NA,NA,NA,NA,NA,NA,NA,NA,NA,NA,NA,NA,NA,"","","",NA,NA,NA,NA,NA,NA,NA,NA,NA,NA,NA,NA,NA,NA,NA,NA,NA,NA,NA,NA,NA,NA,NA,NA,NA,NA,NA,NA,NA,NA,NA,NA,NA,NA,NA,NA,NA,NA,NA,NA,NA,NA,NA,NA,NA,NA,NA,NA,NA
2000,"Anthony, Marc","My Baby You","3:59","Latin","2000-09-16","2000-10-07",82,76,76,70,82,81,74,80,76,76,73,74,87,83,89,93,94,94,91,90,NA,NA,NA,NA,"","","",NA,NA,NA,NA,NA,NA,NA,NA,NA,NA,NA,NA,NA,NA,NA,NA,NA,NA,NA,NA,NA,NA,NA,NA,NA,NA,NA,NA,NA,NA,NA,NA,NA,NA,NA,NA,NA,NA,NA,NA,NA,NA,NA,NA,NA,NA,NA,NA,NA
2000,"Houston, Whitney","Same Script, Different Cast","4:45","Rock","2000-06-17","2000-07-15",71,71,71,71,70,75,77,88,91,NA,NA,NA,NA,NA,NA,NA,NA,NA,NA,NA,NA,NA,NA,NA,"","","",NA,NA,NA,NA,NA,NA,NA,NA,NA,NA,NA,NA,NA,NA,NA,NA,NA,NA,NA,NA,NA,NA,NA,NA,NA,NA,NA,NA,NA,NA,NA,NA,NA,NA,NA,NA,NA,NA,NA,NA,NA,NA,NA,NA,NA,NA,NA,NA,NA
2000,"D'Angelo","Left & Right","4:35","R&B","1999-12-11","2000-01-01",93,77,75,70,91,NA,NA,NA,NA,NA,NA,NA,NA,NA,NA,NA,NA,NA,NA,NA,NA,NA,NA,NA,"","","",NA,NA,NA,NA,NA,NA,NA,NA,NA,NA,NA,NA,NA,NA,NA,NA,NA,NA,NA,NA,NA,NA,NA,NA,NA,NA,NA,NA,NA,NA,NA,NA,NA,NA,NA,NA,NA,NA,NA,NA,NA,NA,NA,NA,NA,NA,NA,NA,NA
2000,"Kravitz, Lenny","I Belong To You","4:17","Rock","2000-03-25","2000-04-08",78,77,71,71,71,83,90,90,93,NA,NA,NA,NA,NA,NA,NA,NA,NA,NA,NA,NA,NA,NA,NA,"","","",NA,NA,NA,NA,NA,NA,NA,NA,NA,NA,NA,NA,NA,NA,NA,NA,NA,NA,NA,NA,NA,NA,NA,NA,NA,NA,NA,NA,NA,NA,NA,NA,NA,NA,NA,NA,NA,NA,NA,NA,NA,NA,NA,NA,NA,NA,NA,NA,NA
2000,"Loveless, Patty","That's The Kind Of Mood I'm In","3:27","Country","2000-09-16","2000-11-18",98,93,93,93,88,88,82,81,73,71,71,72,85,91,NA,NA,NA,NA,NA,NA,NA,NA,NA,NA,"","","",NA,NA,NA,NA,NA,NA,NA,NA,NA,NA,NA,NA,NA,NA,NA,NA,NA,NA,NA,NA,NA,NA,NA,NA,NA,NA,NA,NA,NA,NA,NA,NA,NA,NA,NA,NA,NA,NA,NA,NA,NA,NA,NA,NA,NA,NA,NA,NA,NA
2000,"Q-Tip","Breathe And Stop","4:06","Rock","2000-01-22","2000-01-22",71,71,81,82,96,NA,NA,NA,NA,NA,NA,NA,NA,NA,NA,NA,NA,NA,NA,NA,NA,NA,NA,NA,"","","",NA,NA,NA,NA,NA,NA,NA,NA,NA,NA,NA,NA,NA,NA,NA,NA,NA,NA,NA,NA,NA,NA,NA,NA,NA,NA,NA,NA,NA,NA,NA,NA,NA,NA,NA,NA,NA,NA,NA,NA,NA,NA,NA,NA,NA,NA,NA,NA,NA
2000,"Rimes, LeAnn","Can't Fight The Moonlight","3:33","Country","2000-09-09","2000-09-16",82,71,79,83,96,99,78,78,83,79,77,76,79,81,88,85,86,79,87,93,NA,NA,NA,NA,"","","",NA,NA,NA,NA,NA,NA,NA,NA,NA,NA,NA,NA,NA,NA,NA,NA,NA,NA,NA,NA,NA,NA,NA,NA,NA,NA,NA,NA,NA,NA,NA,NA,NA,NA,NA,NA,NA,NA,NA,NA,NA,NA,NA,NA,NA,NA,NA,NA,NA
2000,"Lil Wayne","Tha Block Is Hot","4:13","Rap","1999-12-04","2000-01-08",99,89,92,84,84,72,81,81,86,87,95,NA,NA,NA,NA,NA,NA,NA,NA,NA,NA,NA,NA,NA,"","","",NA,NA,NA,NA,NA,NA,NA,NA,NA,NA,NA,NA,NA,NA,NA,NA,NA,NA,NA,NA,NA,NA,NA,NA,NA,NA,NA,NA,NA,NA,NA,NA,NA,NA,NA,NA,NA,NA,NA,NA,NA,NA,NA,NA,NA,NA,NA,NA,NA
2000,"2 Pac","Baby Don't Cry (Keep Ya Head Up II)","4:22","Rap","2000-02-26","2000-03-11",87,82,72,77,87,94,99,NA,NA,NA,NA,NA,NA,NA,NA,NA,NA,NA,NA,NA,NA,NA,NA,NA,"","","",NA,NA,NA,NA,NA,NA,NA,NA,NA,NA,NA,NA,NA,NA,NA,NA,NA,NA,NA,NA,NA,NA,NA,NA,NA,NA,NA,NA,NA,NA,NA,NA,NA,NA,NA,NA,NA,NA,NA,NA,NA,NA,NA,NA,NA,NA,NA,NA,NA
2000,"Wallflowers, The","Sleepwalker","3:29","Rock","2000-10-28","2000-10-28",73,73,74,80,90,96,NA,NA,NA,NA,NA,NA,NA,NA,NA,NA,NA,NA,NA,NA,NA,NA,NA,NA,"","","",NA,NA,NA,NA,NA,NA,NA,NA,NA,NA,NA,NA,NA,NA,NA,NA,NA,NA,NA,NA,NA,NA,NA,NA,NA,NA,NA,NA,NA,NA,NA,NA,NA,NA,NA,NA,NA,NA,NA,NA,NA,NA,NA,NA,NA,NA,NA,NA,NA
2000,"Drama","Left, Right, Left","3:37","Rap","2000-02-12","2000-03-18",100,98,89,80,75,73,80,86,91,96,100,98,96,NA,NA,NA,NA,NA,NA,NA,NA,NA,NA,NA,"","","",NA,NA,NA,NA,NA,NA,NA,NA,NA,NA,NA,NA,NA,NA,NA,NA,NA,NA,NA,NA,NA,NA,NA,NA,NA,NA,NA,NA,NA,NA,NA,NA,NA,NA,NA,NA,NA,NA,NA,NA,NA,NA,NA,NA,NA,NA,NA,NA,NA
2000,"Limp Bizkit","N 2 Gether Now","3:55","Rock","1999-12-04","2000-01-08",94,88,85,78,78,73,84,86,90,97,96,NA,NA,NA,NA,NA,NA,NA,NA,NA,NA,NA,NA,NA,"","","",NA,NA,NA,NA,NA,NA,NA,NA,NA,NA,NA,NA,NA,NA,NA,NA,NA,NA,NA,NA,NA,NA,NA,NA,NA,NA,NA,NA,NA,NA,NA,NA,NA,NA,NA,NA,NA,NA,NA,NA,NA,NA,NA,NA,NA,NA,NA,NA,NA
2000,"Lox","Ryde or Die, Chick","3:56","Rap","2000-03-18","2000-03-25",86,73,80,84,91,97,97,NA,NA,NA,NA,NA,NA,NA,NA,NA,NA,NA,NA,NA,NA,NA,NA,NA,"","","",NA,NA,NA,NA,NA,NA,NA,NA,NA,NA,NA,NA,NA,NA,NA,NA,NA,NA,NA,NA,NA,NA,NA,NA,NA,NA,NA,NA,NA,NA,NA,NA,NA,NA,NA,NA,NA,NA,NA,NA,NA,NA,NA,NA,NA,NA,NA,NA,NA
2000,"Ying Yang Twins","Whistle While You Twurk","4:19","Rap","2000-03-18","2000-04-29",95,94,91,85,84,78,74,78,85,89,97,96,99,99,NA,NA,NA,NA,NA,NA,NA,NA,NA,NA,"","","",NA,NA,NA,NA,NA,NA,NA,NA,NA,NA,NA,NA,NA,NA,NA,NA,NA,NA,NA,NA,NA,NA,NA,NA,NA,NA,NA,NA,NA,NA,NA,NA,NA,NA,NA,NA,NA,NA,NA,NA,NA,NA,NA,NA,NA,NA,NA,NA,NA
2000,"Walker, Clay","Live, Laugh, Love","4:06","Country","1999-12-04","2000-01-22",95,95,94,94,94,95,82,74,79,92,98,NA,NA,NA,NA,NA,NA,NA,NA,NA,NA,NA,NA,NA,"","","",NA,NA,NA,NA,NA,NA,NA,NA,NA,NA,NA,NA,NA,NA,NA,NA,NA,NA,NA,NA,NA,NA,NA,NA,NA,NA,NA,NA,NA,NA,NA,NA,NA,NA,NA,NA,NA,NA,NA,NA,NA,NA,NA,NA,NA,NA,NA,NA,NA
2000,"Metallica","No Leaf Clover (Live)","5:43","Rock","2000-02-12","2000-03-11",86,81,78,76,74,80,86,93,95,95,NA,NA,NA,NA,NA,NA,NA,NA,NA,NA,NA,NA,NA,NA,"","","",NA,NA,NA,NA,NA,NA,NA,NA,NA,NA,NA,NA,NA,NA,NA,NA,NA,NA,NA,NA,NA,NA,NA,NA,NA,NA,NA,NA,NA,NA,NA,NA,NA,NA,NA,NA,NA,NA,NA,NA,NA,NA,NA,NA,NA,NA,NA,NA,NA
2000,"Yankee Grey","Another Nine Minutes","3:10","Country","2000-04-29","2000-05-20",86,83,77,74,83,79,88,95,NA,NA,NA,NA,NA,NA,NA,NA,NA,NA,NA,NA,NA,NA,NA,NA,"","","",NA,NA,NA,NA,NA,NA,NA,NA,NA,NA,NA,NA,NA,NA,NA,NA,NA,NA,NA,NA,NA,NA,NA,NA,NA,NA,NA,NA,NA,NA,NA,NA,NA,NA,NA,NA,NA,NA,NA,NA,NA,NA,NA,NA,NA,NA,NA,NA,NA
2000,"Bega, Lou","Tricky Tricky ","3:23","Rock","2000-01-29","2000-02-05",75,74,87,NA,NA,NA,NA,NA,NA,NA,NA,NA,NA,NA,NA,NA,NA,NA,NA,NA,NA,NA,NA,NA,"","","",NA,NA,NA,NA,NA,NA,NA,NA,NA,NA,NA,NA,NA,NA,NA,NA,NA,NA,NA,NA,NA,NA,NA,NA,NA,NA,NA,NA,NA,NA,NA,NA,NA,NA,NA,NA,NA,NA,NA,NA,NA,NA,NA,NA,NA,NA,NA,NA,NA
2000,"Big Punisher","It's So Hard","3:25","Rap","2000-04-22","2000-05-06",96,87,75,79,81,81,76,76,78,84,90,88,94,98,100,NA,NA,NA,NA,NA,NA,NA,NA,NA,"","","",NA,NA,NA,NA,NA,NA,NA,NA,NA,NA,NA,NA,NA,NA,NA,NA,NA,NA,NA,NA,NA,NA,NA,NA,NA,NA,NA,NA,NA,NA,NA,NA,NA,NA,NA,NA,NA,NA,NA,NA,NA,NA,NA,NA,NA,NA,NA,NA,NA
2000,"Worley, Darryl","When You Need My Love","3:35","Country","2000-06-17","2000-09-02",98,88,93,92,85,85,84,80,80,80,80,75,78,86,99,NA,NA,NA,NA,NA,NA,NA,NA,NA,"","","",NA,NA,NA,NA,NA,NA,NA,NA,NA,NA,NA,NA,NA,NA,NA,NA,NA,NA,NA,NA,NA,NA,NA,NA,NA,NA,NA,NA,NA,NA,NA,NA,NA,NA,NA,NA,NA,NA,NA,NA,NA,NA,NA,NA,NA,NA,NA,NA,NA
2000,"Lil' Kim","How Many Licks?","3:50","Rap","2000-11-25","2000-12-02",79,75,77,86,86,89,NA,NA,96,96,96,NA,NA,NA,NA,NA,NA,NA,NA,NA,NA,NA,NA,NA,"","","",NA,NA,NA,NA,NA,NA,NA,NA,NA,NA,NA,NA,NA,NA,NA,NA,NA,NA,NA,NA,NA,NA,NA,NA,NA,NA,NA,NA,NA,NA,NA,NA,NA,NA,NA,NA,NA,NA,NA,NA,NA,NA,NA,NA,NA,NA,NA,NA,NA
2000,"Clark, Terri","A Little Gasoline","3:07","Country","2000-12-16","2000-12-16",75,82,88,96,99,99,NA,NA,NA,NA,NA,NA,NA,NA,NA,NA,NA,NA,NA,NA,NA,NA,NA,NA,"","","",NA,NA,NA,NA,NA,NA,NA,NA,NA,NA,NA,NA,NA,NA,NA,NA,NA,NA,NA,NA,NA,NA,NA,NA,NA,NA,NA,NA,NA,NA,NA,NA,NA,NA,NA,NA,NA,NA,NA,NA,NA,NA,NA,NA,NA,NA,NA,NA,NA
2000,"Brock, Chad","A Country Boy Can Survive","3:54","Country","2000-01-01","2000-01-08",93,75,92,NA,NA,NA,NA,NA,NA,NA,NA,NA,NA,NA,NA,NA,NA,NA,NA,NA,NA,NA,NA,NA,"","","",NA,NA,NA,NA,NA,NA,NA,NA,NA,NA,NA,NA,NA,NA,NA,NA,NA,NA,NA,NA,NA,NA,NA,NA,NA,NA,NA,NA,NA,NA,NA,NA,NA,NA,NA,NA,NA,NA,NA,NA,NA,NA,NA,NA,NA,NA,NA,NA,NA
2000,"Cagle, Chris","My Love Goes On And On","3:02","Country","2000-10-21","2000-12-02",99,94,94,87,84,83,76,76,79,83,91,NA,NA,NA,NA,NA,NA,NA,NA,NA,NA,NA,NA,NA,"","","",NA,NA,NA,NA,NA,NA,NA,NA,NA,NA,NA,NA,NA,NA,NA,NA,NA,NA,NA,NA,NA,NA,NA,NA,NA,NA,NA,NA,NA,NA,NA,NA,NA,NA,NA,NA,NA,NA,NA,NA,NA,NA,NA,NA,NA,NA,NA,NA,NA
2000,"Byrd, Tracy","Put Your Hand In Mine","4:30","Country","2000-01-29","2000-02-12",81,77,76,76,86,88,92,99,NA,NA,NA,NA,NA,NA,NA,NA,NA,NA,NA,NA,NA,NA,NA,NA,"","","",NA,NA,NA,NA,NA,NA,NA,NA,NA,NA,NA,NA,NA,NA,NA,NA,NA,NA,NA,NA,NA,NA,NA,NA,NA,NA,NA,NA,NA,NA,NA,NA,NA,NA,NA,NA,NA,NA,NA,NA,NA,NA,NA,NA,NA,NA,NA,NA,NA
2000,"Metallica","I Disappear","4:26","Rock","2000-05-13","2000-06-17",86,84,88,81,81,76,81,81,78,84,83,82,87,88,91,94,98,95,89,95,NA,NA,NA,NA,"","","",NA,NA,NA,NA,NA,NA,NA,NA,NA,NA,NA,NA,NA,NA,NA,NA,NA,NA,NA,NA,NA,NA,NA,NA,NA,NA,NA,NA,NA,NA,NA,NA,NA,NA,NA,NA,NA,NA,NA,NA,NA,NA,NA,NA,NA,NA,NA,NA,NA
2000,"Jay-Z","Hey Papi","3:40","Rap","2000-08-12","2000-10-07",98,100,98,94,83,83,80,78,76,77,85,91,93,88,94,NA,NA,NA,NA,NA,NA,NA,NA,NA,"","","",NA,NA,NA,NA,NA,NA,NA,NA,NA,NA,NA,NA,NA,NA,NA,NA,NA,NA,NA,NA,NA,NA,NA,NA,NA,NA,NA,NA,NA,NA,NA,NA,NA,NA,NA,NA,NA,NA,NA,NA,NA,NA,NA,NA,NA,NA,NA,NA,NA
2000,"Fatboy Slim","The Rockafeller Skank","4:00","Electronica","1999-11-13","2000-01-22",94,94,94,87,77,77,83,82,82,92,76,95,NA,NA,NA,NA,NA,NA,NA,NA,NA,NA,NA,NA,"","","",NA,NA,NA,NA,NA,NA,NA,NA,NA,NA,NA,NA,NA,NA,NA,NA,NA,NA,NA,NA,NA,NA,NA,NA,NA,NA,NA,NA,NA,NA,NA,NA,NA,NA,NA,NA,NA,NA,NA,NA,NA,NA,NA,NA,NA,NA,NA,NA,NA
2000,"Levert, Gerald","Mr. Too Damn Good","4:06","R&B","2000-03-18","2000-04-08",84,83,83,76,86,86,88,97,NA,NA,NA,NA,NA,NA,NA,NA,NA,NA,NA,NA,NA,NA,NA,NA,"","","",NA,NA,NA,NA,NA,NA,NA,NA,NA,NA,NA,NA,NA,NA,NA,NA,NA,NA,NA,NA,NA,NA,NA,NA,NA,NA,NA,NA,NA,NA,NA,NA,NA,NA,NA,NA,NA,NA,NA,NA,NA,NA,NA,NA,NA,NA,NA,NA,NA
2000,"McKnight, Brian","Stay Or Let It Go","4:32","Rock","2000-02-26","2000-03-25",95,92,82,78,76,88,100,93,NA,NA,NA,NA,NA,NA,NA,NA,NA,NA,NA,NA,NA,NA,NA,NA,"","","",NA,NA,NA,NA,NA,NA,NA,NA,NA,NA,NA,NA,NA,NA,NA,NA,NA,NA,NA,NA,NA,NA,NA,NA,NA,NA,NA,NA,NA,NA,NA,NA,NA,NA,NA,NA,NA,NA,NA,NA,NA,NA,NA,NA,NA,NA,NA,NA,NA
2000,"Allan, Gary","Smoke Rings In The Dark","4:18","Country","2000-01-22","2000-02-05",80,78,76,77,92,NA,NA,NA,NA,NA,NA,NA,NA,NA,NA,NA,NA,NA,NA,NA,NA,NA,NA,NA,"","","",NA,NA,NA,NA,NA,NA,NA,NA,NA,NA,NA,NA,NA,NA,NA,NA,NA,NA,NA,NA,NA,NA,NA,NA,NA,NA,NA,NA,NA,NA,NA,NA,NA,NA,NA,NA,NA,NA,NA,NA,NA,NA,NA,NA,NA,NA,NA,NA,NA
2000,"Ginuwine","The Best Man I Can Be","4:06","Rock","2000-01-08","2000-03-04",97,97,83,94,84,88,85,82,77,77,85,89,NA,NA,NA,NA,NA,NA,NA,NA,NA,NA,NA,NA,"","","",NA,NA,NA,NA,NA,NA,NA,NA,NA,NA,NA,NA,NA,NA,NA,NA,NA,NA,NA,NA,NA,NA,NA,NA,NA,NA,NA,NA,NA,NA,NA,NA,NA,NA,NA,NA,NA,NA,NA,NA,NA,NA,NA,NA,NA,NA,NA,NA,NA
2000,"Before Dark","Monica","4:04","Rock","2000-05-20","2000-06-17",95,87,80,80,77,87,91,91,100,NA,NA,NA,NA,NA,NA,NA,NA,NA,NA,NA,NA,NA,NA,NA,"","","",NA,NA,NA,NA,NA,NA,NA,NA,NA,NA,NA,NA,NA,NA,NA,NA,NA,NA,NA,NA,NA,NA,NA,NA,NA,NA,NA,NA,NA,NA,NA,NA,NA,NA,NA,NA,NA,NA,NA,NA,NA,NA,NA,NA,NA,NA,NA,NA,NA
2000,"Estefan, Gloria","No Me Dejes De Querer","3:25","Rock","2000-06-10","2000-06-10",77,NA,NA,NA,NA,NA,NA,NA,NA,NA,NA,NA,NA,NA,NA,NA,NA,NA,NA,NA,NA,NA,NA,NA,"","","",NA,NA,NA,NA,NA,NA,NA,NA,NA,NA,NA,NA,NA,NA,NA,NA,NA,NA,NA,NA,NA,NA,NA,NA,NA,NA,NA,NA,NA,NA,NA,NA,NA,NA,NA,NA,NA,NA,NA,NA,NA,NA,NA,NA,NA,NA,NA,NA,NA
2000,"Stone Temple Pilots","Sour Girl","4:16","Rock","2000-07-08","2000-07-29",79,79,79,78,78,87,89,88,95,93,91,94,98,NA,NA,NA,NA,NA,NA,NA,NA,NA,NA,NA,"","","",NA,NA,NA,NA,NA,NA,NA,NA,NA,NA,NA,NA,NA,NA,NA,NA,NA,NA,NA,NA,NA,NA,NA,NA,NA,NA,NA,NA,NA,NA,NA,NA,NA,NA,NA,NA,NA,NA,NA,NA,NA,NA,NA,NA,NA,NA,NA,NA,NA
2000,"Montgomery Gentry","Daddy Won't Sell The Farm","4:18","Country","2000-03-04","2000-03-25",87,83,81,79,81,96,NA,NA,NA,NA,NA,NA,NA,NA,NA,NA,NA,NA,NA,NA,NA,NA,NA,NA,"","","",NA,NA,NA,NA,NA,NA,NA,NA,NA,NA,NA,NA,NA,NA,NA,NA,NA,NA,NA,NA,NA,NA,NA,NA,NA,NA,NA,NA,NA,NA,NA,NA,NA,NA,NA,NA,NA,NA,NA,NA,NA,NA,NA,NA,NA,NA,NA,NA,NA
2000,"Cyrus, Billy Ray","You Won't Be Lonely Now","3:45","Country","2000-09-23","2000-11-11",97,97,97,92,91,88,85,80,82,80,80,89,95,NA,NA,NA,NA,NA,NA,NA,NA,NA,NA,NA,"","","",NA,NA,NA,NA,NA,NA,NA,NA,NA,NA,NA,NA,NA,NA,NA,NA,NA,NA,NA,NA,NA,NA,NA,NA,NA,NA,NA,NA,NA,NA,NA,NA,NA,NA,NA,NA,NA,NA,NA,NA,NA,NA,NA,NA,NA,NA,NA,NA,NA
2000,"Clark Family Experience","Meanwhile Back At The Ranch","2:56","Country","2000-11-18","2000-12-16",87,86,81,92,80,80,82,84,82,81,85,91,NA,NA,NA,NA,NA,NA,NA,NA,NA,NA,NA,NA,"","","",NA,NA,NA,NA,NA,NA,NA,NA,NA,NA,NA,NA,NA,NA,NA,NA,NA,NA,NA,NA,NA,NA,NA,NA,NA,NA,NA,NA,NA,NA,NA,NA,NA,NA,NA,NA,NA,NA,NA,NA,NA,NA,NA,NA,NA,NA,NA,NA,NA
2000,"Thomas, Carl","Summer Rain","4:57","Rock","2000-09-23","2000-10-14",82,82,86,80,82,83,84,82,88,94,95,NA,NA,NA,NA,NA,NA,NA,NA,NA,NA,NA,NA,NA,"","","",NA,NA,NA,NA,NA,NA,NA,NA,NA,NA,NA,NA,NA,NA,NA,NA,NA,NA,NA,NA,NA,NA,NA,NA,NA,NA,NA,NA,NA,NA,NA,NA,NA,NA,NA,NA,NA,NA,NA,NA,NA,NA,NA,NA,NA,NA,NA,NA,NA
2000,"Yearwood, Trisha","Real Live Woman","3:55","Country","2000-04-01","2000-04-29",85,83,83,82,81,91,NA,NA,NA,NA,NA,NA,NA,NA,NA,NA,NA,NA,NA,NA,NA,NA,NA,NA,"","","",NA,NA,NA,NA,NA,NA,NA,NA,NA,NA,NA,NA,NA,NA,NA,NA,NA,NA,NA,NA,NA,NA,NA,NA,NA,NA,NA,NA,NA,NA,NA,NA,NA,NA,NA,NA,NA,NA,NA,NA,NA,NA,NA,NA,NA,NA,NA,NA,NA
2000,"Trick Daddy","Shut Up","4:17","Rap","2000-05-20","2000-06-17",99,95,87,87,83,83,89,87,92,92,97,NA,NA,NA,NA,NA,NA,NA,NA,NA,NA,NA,NA,NA,"","","",NA,NA,NA,NA,NA,NA,NA,NA,NA,NA,NA,NA,NA,NA,NA,NA,NA,NA,NA,NA,NA,NA,NA,NA,NA,NA,NA,NA,NA,NA,NA,NA,NA,NA,NA,NA,NA,NA,NA,NA,NA,NA,NA,NA,NA,NA,NA,NA,NA
2000,"Moore, Chante","Straight Up","3:40","Rock","2000-10-28","2000-12-02",98,98,97,90,85,83,83,97,98,NA,NA,NA,NA,NA,NA,NA,NA,NA,NA,NA,NA,NA,NA,NA,"","","",NA,NA,NA,NA,NA,NA,NA,NA,NA,NA,NA,NA,NA,NA,NA,NA,NA,NA,NA,NA,NA,NA,NA,NA,NA,NA,NA,NA,NA,NA,NA,NA,NA,NA,NA,NA,NA,NA,NA,NA,NA,NA,NA,NA,NA,NA,NA,NA,NA
2000,"Cam'ron","What Means The World To You","4:38","Rap","2000-10-14","2000-11-18",94,94,96,91,84,83,88,87,95,92,NA,NA,NA,NA,NA,NA,NA,NA,NA,NA,NA,NA,NA,NA,"","","",NA,NA,NA,NA,NA,NA,NA,NA,NA,NA,NA,NA,NA,NA,NA,NA,NA,NA,NA,NA,NA,NA,NA,NA,NA,NA,NA,NA,NA,NA,NA,NA,NA,NA,NA,NA,NA,NA,NA,NA,NA,NA,NA,NA,NA,NA,NA,NA,NA
2000,"Juvenile","U Understand","3:51","Rap","2000-02-05","2000-02-12",85,83,100,98,97,96,NA,NA,NA,NA,NA,NA,NA,NA,NA,NA,NA,NA,NA,NA,NA,NA,NA,NA,"","","",NA,NA,NA,NA,NA,NA,NA,NA,NA,NA,NA,NA,NA,NA,NA,NA,NA,NA,NA,NA,NA,NA,NA,NA,NA,NA,NA,NA,NA,NA,NA,NA,NA,NA,NA,NA,NA,NA,NA,NA,NA,NA,NA,NA,NA,NA,NA,NA,NA
2000,"Hollister, Dave","Can't Stay","6:17","Rock","2000-03-25","2000-03-25",84,84,93,98,NA,NA,NA,NA,NA,NA,NA,NA,NA,NA,NA,NA,NA,NA,NA,NA,NA,NA,NA,NA,"","","",NA,NA,NA,NA,NA,NA,NA,NA,NA,NA,NA,NA,NA,NA,NA,NA,NA,NA,NA,NA,NA,NA,NA,NA,NA,NA,NA,NA,NA,NA,NA,NA,NA,NA,NA,NA,NA,NA,NA,NA,NA,NA,NA,NA,NA,NA,NA,NA,NA
2000,"Tamia","Can't Go For That","3:38","Rock","2000-09-16","2000-09-30",90,86,84,88,97,NA,NA,NA,NA,NA,NA,NA,NA,NA,NA,NA,NA,NA,NA,NA,NA,NA,NA,NA,"","","",NA,NA,NA,NA,NA,NA,NA,NA,NA,NA,NA,NA,NA,NA,NA,NA,NA,NA,NA,NA,NA,NA,NA,NA,NA,NA,NA,NA,NA,NA,NA,NA,NA,NA,NA,NA,NA,NA,NA,NA,NA,NA,NA,NA,NA,NA,NA,NA,NA
2000,"LFO","West Side Story","3:27","Rock","2000-08-05","2000-08-12",96,84,88,96,NA,NA,NA,NA,NA,NA,NA,NA,NA,NA,NA,NA,NA,NA,NA,NA,NA,NA,NA,NA,"","","",NA,NA,NA,NA,NA,NA,NA,NA,NA,NA,NA,NA,NA,NA,NA,NA,NA,NA,NA,NA,NA,NA,NA,NA,NA,NA,NA,NA,NA,NA,NA,NA,NA,NA,NA,NA,NA,NA,NA,NA,NA,NA,NA,NA,NA,NA,NA,NA,NA
2000,"Paisley, Brad","Me Neither","3:19","Country","2000-05-13","2000-05-20",87,85,90,92,NA,NA,NA,NA,NA,NA,NA,NA,NA,NA,NA,NA,NA,NA,NA,NA,NA,NA,NA,NA,"","","",NA,NA,NA,NA,NA,NA,NA,NA,NA,NA,NA,NA,NA,NA,NA,NA,NA,NA,NA,NA,NA,NA,NA,NA,NA,NA,NA,NA,NA,NA,NA,NA,NA,NA,NA,NA,NA,NA,NA,NA,NA,NA,NA,NA,NA,NA,NA,NA,NA
2000,"Carter, Torrey","Take That","3:43","Rock","2000-06-24","2000-07-08",94,88,86,91,89,87,99,NA,NA,NA,NA,NA,NA,NA,NA,NA,NA,NA,NA,NA,NA,NA,NA,NA,"","","",NA,NA,NA,NA,NA,NA,NA,NA,NA,NA,NA,NA,NA,NA,NA,NA,NA,NA,NA,NA,NA,NA,NA,NA,NA,NA,NA,NA,NA,NA,NA,NA,NA,NA,NA,NA,NA,NA,NA,NA,NA,NA,NA,NA,NA,NA,NA,NA,NA
2000,"2Ge+her","The Hardest Part Of Breaking Up (Is Getting Back Your Stuff)","3:15","R&B","2000-09-02","2000-09-09",91,87,92,NA,NA,NA,NA,NA,NA,NA,NA,NA,NA,NA,NA,NA,NA,NA,NA,NA,NA,NA,NA,NA,"","","",NA,NA,NA,NA,NA,NA,NA,NA,NA,NA,NA,NA,NA,NA,NA,NA,NA,NA,NA,NA,NA,NA,NA,NA,NA,NA,NA,NA,NA,NA,NA,NA,NA,NA,NA,NA,NA,NA,NA,NA,NA,NA,NA,NA,NA,NA,NA,NA,NA
2000,"Madison Avenue","Don't Call Me Baby","3:44","Electronica","2000-07-08","2000-09-16",98,96,93,93,93,92,92,92,90,92,88,88,88,95,93,98,93,92,90,97,NA,NA,NA,NA,"","","",NA,NA,NA,NA,NA,NA,NA,NA,NA,NA,NA,NA,NA,NA,NA,NA,NA,NA,NA,NA,NA,NA,NA,NA,NA,NA,NA,NA,NA,NA,NA,NA,NA,NA,NA,NA,NA,NA,NA,NA,NA,NA,NA,NA,NA,NA,NA,NA,NA
2000,"Eve","Got It All","3:48","Rap","2000-07-15","2000-07-22",89,88,88,91,95,NA,NA,NA,NA,NA,NA,NA,NA,NA,NA,NA,NA,NA,NA,NA,NA,NA,NA,NA,"","","",NA,NA,NA,NA,NA,NA,NA,NA,NA,NA,NA,NA,NA,NA,NA,NA,NA,NA,NA,NA,NA,NA,NA,NA,NA,NA,NA,NA,NA,NA,NA,NA,NA,NA,NA,NA,NA,NA,NA,NA,NA,NA,NA,NA,NA,NA,NA,NA,NA
2000,"Limp Bizkit","Re-Arranged","4:08","Rock","1999-12-04","2000-02-05",91,91,90,95,95,99,96,96,92,88,89,93,91,91,89,90,93,100,NA,NA,NA,NA,NA,NA,"","","",NA,NA,NA,NA,NA,NA,NA,NA,NA,NA,NA,NA,NA,NA,NA,NA,NA,NA,NA,NA,NA,NA,NA,NA,NA,NA,NA,NA,NA,NA,NA,NA,NA,NA,NA,NA,NA,NA,NA,NA,NA,NA,NA,NA,NA,NA,NA,NA,NA
2000,"Spencer, Tracie","Still In My Heart","4:11","Rock","2000-03-04","2000-03-11",95,88,98,NA,NA,NA,NA,NA,NA,NA,NA,NA,NA,NA,NA,NA,NA,NA,NA,NA,NA,NA,NA,NA,"","","",NA,NA,NA,NA,NA,NA,NA,NA,NA,NA,NA,NA,NA,NA,NA,NA,NA,NA,NA,NA,NA,NA,NA,NA,NA,NA,NA,NA,NA,NA,NA,NA,NA,NA,NA,NA,NA,NA,NA,NA,NA,NA,NA,NA,NA,NA,NA,NA,NA
2000,"Nu Flavor","3 Little Words","3:54","R&B","2000-06-03","2000-06-17",97,97,89,89,94,90,99,97,98,NA,NA,NA,NA,NA,NA,NA,NA,NA,NA,NA,NA,NA,NA,NA,"","","",NA,NA,NA,NA,NA,NA,NA,NA,NA,NA,NA,NA,NA,NA,NA,NA,NA,NA,NA,NA,NA,NA,NA,NA,NA,NA,NA,NA,NA,NA,NA,NA,NA,NA,NA,NA,NA,NA,NA,NA,NA,NA,NA,NA,NA,NA,NA,NA,NA
2000,"Tamar","If You Don't Wanna Love Me","4:02","Rock","2000-03-25","2000-04-15",98,98,92,89,92,93,NA,NA,NA,NA,NA,NA,NA,NA,NA,NA,NA,NA,NA,NA,NA,NA,NA,NA,"","","",NA,NA,NA,NA,NA,NA,NA,NA,NA,NA,NA,NA,NA,NA,NA,NA,NA,NA,NA,NA,NA,NA,NA,NA,NA,NA,NA,NA,NA,NA,NA,NA,NA,NA,NA,NA,NA,NA,NA,NA,NA,NA,NA,NA,NA,NA,NA,NA,NA
2000,"Levert, Gerald","Baby U Are","4:10","R&B","2000-08-19","2000-08-26",96,89,92,96,96,NA,NA,NA,NA,NA,NA,NA,NA,NA,NA,NA,NA,NA,NA,NA,NA,NA,NA,NA,"","","",NA,NA,NA,NA,NA,NA,NA,NA,NA,NA,NA,NA,NA,NA,NA,NA,NA,NA,NA,NA,NA,NA,NA,NA,NA,NA,NA,NA,NA,NA,NA,NA,NA,NA,NA,NA,NA,NA,NA,NA,NA,NA,NA,NA,NA,NA,NA,NA,NA
2000,"Hart, Beth","L.A. Song","3:47","Country","1999-11-27","2000-01-15",99,100,98,99,99,99,98,90,99,97,91,97,NA,NA,NA,NA,NA,NA,NA,NA,NA,NA,NA,NA,"","","",NA,NA,NA,NA,NA,NA,NA,NA,NA,NA,NA,NA,NA,NA,NA,NA,NA,NA,NA,NA,NA,NA,NA,NA,NA,NA,NA,NA,NA,NA,NA,NA,NA,NA,NA,NA,NA,NA,NA,NA,NA,NA,NA,NA,NA,NA,NA,NA,NA
2000,"Diffie, Joe","The Quittin' Kind","3:23","Country","2000-01-01","2000-01-22",98,100,100,90,93,94,NA,NA,NA,NA,NA,NA,NA,NA,NA,NA,NA,NA,NA,NA,NA,NA,NA,NA,"","","",NA,NA,NA,NA,NA,NA,NA,NA,NA,NA,NA,NA,NA,NA,NA,NA,NA,NA,NA,NA,NA,NA,NA,NA,NA,NA,NA,NA,NA,NA,NA,NA,NA,NA,NA,NA,NA,NA,NA,NA,NA,NA,NA,NA,NA,NA,NA,NA,NA
2000,"Funkmaster Flex","Do You","4:14","Rap","2000-11-11","2000-12-02",92,92,95,91,91,94,100,NA,NA,NA,NA,NA,NA,NA,NA,NA,NA,NA,NA,NA,NA,NA,NA,NA,"","","",NA,NA,NA,NA,NA,NA,NA,NA,NA,NA,NA,NA,NA,NA,NA,NA,NA,NA,NA,NA,NA,NA,NA,NA,NA,NA,NA,NA,NA,NA,NA,NA,NA,NA,NA,NA,NA,NA,NA,NA,NA,NA,NA,NA,NA,NA,NA,NA,NA
2000,"Price, Kelly","Love Sets You Free","3:46","Rock","2000-05-13","2000-05-20",92,91,98,100,NA,NA,NA,NA,NA,NA,NA,NA,NA,NA,NA,NA,NA,NA,NA,NA,NA,NA,NA,NA,"","","",NA,NA,NA,NA,NA,NA,NA,NA,NA,NA,NA,NA,NA,NA,NA,NA,NA,NA,NA,NA,NA,NA,NA,NA,NA,NA,NA,NA,NA,NA,NA,NA,NA,NA,NA,NA,NA,NA,NA,NA,NA,NA,NA,NA,NA,NA,NA,NA,NA
2000,"En Vogue","Riddle","5:10","Rock","2000-06-17","2000-06-17",92,92,97,100,NA,NA,NA,NA,NA,NA,NA,NA,NA,NA,NA,NA,NA,NA,NA,NA,NA,NA,NA,NA,"","","",NA,NA,NA,NA,NA,NA,NA,NA,NA,NA,NA,NA,NA,NA,NA,NA,NA,NA,NA,NA,NA,NA,NA,NA,NA,NA,NA,NA,NA,NA,NA,NA,NA,NA,NA,NA,NA,NA,NA,NA,NA,NA,NA,NA,NA,NA,NA,NA,NA
2000,"Herndon, Ty","No Mercy","4:43","Country","2000-03-18","2000-05-06",100,99,99,NA,NA,98,94,92,95,96,NA,NA,NA,NA,NA,NA,NA,NA,NA,NA,NA,NA,NA,NA,"","","",NA,NA,NA,NA,NA,NA,NA,NA,NA,NA,NA,NA,NA,NA,NA,NA,NA,NA,NA,NA,NA,NA,NA,NA,NA,NA,NA,NA,NA,NA,NA,NA,NA,NA,NA,NA,NA,NA,NA,NA,NA,NA,NA,NA,NA,NA,NA,NA,NA
2000,"Anastacia","I'm Outta Love","4:01","Pop","2000-04-01","2000-04-01",92,NA,NA,95,NA,NA,NA,NA,NA,NA,NA,97,NA,NA,NA,NA,NA,NA,NA,NA,NA,NA,NA,NA,"","","",NA,NA,NA,NA,NA,NA,NA,NA,NA,NA,NA,NA,NA,NA,NA,NA,NA,NA,NA,NA,NA,NA,NA,NA,NA,NA,NA,NA,NA,NA,NA,NA,NA,NA,NA,NA,NA,NA,NA,NA,NA,NA,NA,NA,NA,NA,NA,NA,NA
2000,"Trina","Pull Over","2:58","Rap","2000-09-09","2000-09-16",97,93,96,100,NA,NA,NA,NA,NA,NA,NA,NA,NA,NA,NA,NA,NA,NA,NA,NA,NA,NA,NA,NA,"","","",NA,NA,NA,NA,NA,NA,NA,NA,NA,NA,NA,NA,NA,NA,NA,NA,NA,NA,NA,NA,NA,NA,NA,NA,NA,NA,NA,NA,NA,NA,NA,NA,NA,NA,NA,NA,NA,NA,NA,NA,NA,NA,NA,NA,NA,NA,NA,NA,NA
2000,"Lil' Mo","Ta Da","4:17","Rap","2000-08-12","2000-09-16",100,99,97,97,100,95,99,NA,NA,NA,NA,NA,NA,NA,NA,NA,NA,NA,NA,NA,NA,NA,NA,NA,"","","",NA,NA,NA,NA,NA,NA,NA,NA,NA,NA,NA,NA,NA,NA,NA,NA,NA,NA,NA,NA,NA,NA,NA,NA,NA,NA,NA,NA,NA,NA,NA,NA,NA,NA,NA,NA,NA,NA,NA,NA,NA,NA,NA,NA,NA,NA,NA,NA,NA
2000,"A*Teens","Dancing Queen","3:44","Pop","2000-07-08","2000-07-29",97,97,96,95,100,NA,NA,NA,NA,NA,NA,NA,NA,NA,NA,NA,NA,NA,NA,NA,NA,NA,NA,NA,"","","",NA,NA,NA,NA,NA,NA,NA,NA,NA,NA,NA,NA,NA,NA,NA,NA,NA,NA,NA,NA,NA,NA,NA,NA,NA,NA,NA,NA,NA,NA,NA,NA,NA,NA,NA,NA,NA,NA,NA,NA,NA,NA,NA,NA,NA,NA,NA,NA,NA
2000,"Sheist, Shade","Where I Wanna Be","4:16","Rap","2000-11-11","2000-11-18",96,95,99,99,100,NA,NA,NA,NA,NA,NA,NA,NA,NA,NA,NA,NA,NA,NA,NA,NA,NA,NA,NA,"","","",NA,NA,NA,NA,NA,NA,NA,NA,NA,NA,NA,NA,NA,NA,NA,NA,NA,NA,NA,NA,NA,NA,NA,NA,NA,NA,NA,NA,NA,NA,NA,NA,NA,NA,NA,NA,NA,NA,NA,NA,NA,NA,NA,NA,NA,NA,NA,NA,NA
2000,"De La Soul","All Good?","5:02","Rap","2000-12-23","2000-12-23",96,96,100,NA,NA,NA,NA,NA,NA,NA,NA,NA,NA,NA,NA,NA,NA,NA,NA,NA,NA,NA,NA,NA,"","","",NA,NA,NA,NA,NA,NA,NA,NA,NA,NA,NA,NA,NA,NA,NA,NA,NA,NA,NA,NA,NA,NA,NA,NA,NA,NA,NA,NA,NA,NA,NA,NA,NA,NA,NA,NA,NA,NA,NA,NA,NA,NA,NA,NA,NA,NA,NA,NA,NA
2000,"Larrieux, Amel","Get Up","4:02","R&B","2000-03-04","2000-03-11",100,97,97,NA,NA,NA,NA,NA,NA,NA,NA,NA,NA,NA,NA,NA,NA,NA,NA,NA,NA,NA,NA,NA,"","","",NA,NA,NA,NA,NA,NA,NA,NA,NA,NA,NA,NA,NA,NA,NA,NA,NA,NA,NA,NA,NA,NA,NA,NA,NA,NA,NA,NA,NA,NA,NA,NA,NA,NA,NA,NA,NA,NA,NA,NA,NA,NA,NA,NA,NA,NA,NA,NA,NA
2000,"Braxton, Toni","Spanish Guitar","4:24","Rock","2000-12-02","2000-12-02",98,98,98,NA,NA,NA,NA,NA,NA,NA,NA,NA,NA,NA,NA,NA,NA,NA,NA,NA,NA,NA,NA,NA,"","","",NA,NA,NA,NA,NA,NA,NA,NA,NA,NA,NA,NA,NA,NA,NA,NA,NA,NA,NA,NA,NA,NA,NA,NA,NA,NA,NA,NA,NA,NA,NA,NA,NA,NA,NA,NA,NA,NA,NA,NA,NA,NA,NA,NA,NA,NA,NA,NA,NA
2000,"Tuesday","I Know","4:06","Rock","2000-12-30","2000-12-30",98,98,NA,NA,NA,NA,NA,NA,NA,NA,NA,NA,NA,NA,NA,NA,NA,NA,NA,NA,NA,NA,NA,NA,"","","",NA,NA,NA,NA,NA,NA,NA,NA,NA,NA,NA,NA,NA,NA,NA,NA,NA,NA,NA,NA,NA,NA,NA,NA,NA,NA,NA,NA,NA,NA,NA,NA,NA,NA,NA,NA,NA,NA,NA,NA,NA,NA,NA,NA,NA,NA,NA,NA,NA
2000,"LL Cool J","Imagine That","4:00","Rap","2000-08-12","2000-08-19",99,98,NA,NA,NA,NA,NA,NA,NA,NA,NA,NA,NA,NA,NA,NA,NA,NA,NA,NA,NA,NA,NA,NA,"","","",NA,NA,NA,NA,NA,NA,NA,NA,NA,NA,NA,NA,NA,NA,NA,NA,NA,NA,NA,NA,NA,NA,NA,NA,NA,NA,NA,NA,NA,NA,NA,NA,NA,NA,NA,NA,NA,NA,NA,NA,NA,NA,NA,NA,NA,NA,NA,NA,NA
2000,"Master P","Souljas","3:33","Rap","2000-11-18","2000-11-18",98,NA,NA,NA,NA,NA,NA,NA,NA,NA,NA,NA,NA,NA,NA,NA,NA,NA,NA,NA,NA,NA,NA,NA,"","","",NA,NA,NA,NA,NA,NA,NA,NA,NA,NA,NA,NA,NA,NA,NA,NA,NA,NA,NA,NA,NA,NA,NA,NA,NA,NA,NA,NA,NA,NA,NA,NA,NA,NA,NA,NA,NA,NA,NA,NA,NA,NA,NA,NA,NA,NA,NA,NA,NA
2000,"Ghostface Killah","Cherchez LaGhost","3:04","R&B","2000-08-05","2000-08-05",98,NA,NA,NA,NA,NA,NA,NA,NA,NA,NA,NA,NA,NA,NA,NA,NA,NA,NA,NA,NA,NA,NA,NA,"","","",NA,NA,NA,NA,NA,NA,NA,NA,NA,NA,NA,NA,NA,NA,NA,NA,NA,NA,NA,NA,NA,NA,NA,NA,NA,NA,NA,NA,NA,NA,NA,NA,NA,NA,NA,NA,NA,NA,NA,NA,NA,NA,NA,NA,NA,NA,NA,NA,NA
2000,"Smith, Will","Freakin' It","3:58","Rap","2000-02-12","2000-02-12",99,99,99,99,NA,NA,NA,NA,NA,NA,NA,NA,NA,NA,NA,NA,NA,NA,NA,NA,NA,NA,NA,NA,"","","",NA,NA,NA,NA,NA,NA,NA,NA,NA,NA,NA,NA,NA,NA,NA,NA,NA,NA,NA,NA,NA,NA,NA,NA,NA,NA,NA,NA,NA,NA,NA,NA,NA,NA,NA,NA,NA,NA,NA,NA,NA,NA,NA,NA,NA,NA,NA,NA,NA
2000,"Zombie Nation","Kernkraft 400","3:30","Rock","2000-09-02","2000-09-02",99,99,NA,NA,NA,NA,NA,NA,NA,NA,NA,NA,NA,NA,NA,NA,NA,NA,NA,NA,NA,NA,NA,NA,"","","",NA,NA,NA,NA,NA,NA,NA,NA,NA,NA,NA,NA,NA,NA,NA,NA,NA,NA,NA,NA,NA,NA,NA,NA,NA,NA,NA,NA,NA,NA,NA,NA,NA,NA,NA,NA,NA,NA,NA,NA,NA,NA,NA,NA,NA,NA,NA,NA,NA
2000,"Eastsidaz, The","Got Beef","3:58","Rap","2000-07-01","2000-07-01",99,99,NA,NA,NA,NA,NA,NA,NA,NA,NA,NA,NA,NA,NA,NA,NA,NA,NA,NA,NA,NA,NA,NA,"","","",NA,NA,NA,NA,NA,NA,NA,NA,NA,NA,NA,NA,NA,NA,NA,NA,NA,NA,NA,NA,NA,NA,NA,NA,NA,NA,NA,NA,NA,NA,NA,NA,NA,NA,NA,NA,NA,NA,NA,NA,NA,NA,NA,NA,NA,NA,NA,NA,NA
2000,"Fragma","Toca's Miracle","3:22","R&B","2000-10-28","2000-10-28",99,NA,NA,NA,NA,NA,NA,NA,NA,NA,NA,NA,NA,NA,NA,NA,NA,NA,NA,NA,NA,NA,NA,NA,"","","",NA,NA,NA,NA,NA,NA,NA,NA,NA,NA,NA,NA,NA,NA,NA,NA,NA,NA,NA,NA,NA,NA,NA,NA,NA,NA,NA,NA,NA,NA,NA,NA,NA,NA,NA,NA,NA,NA,NA,NA,NA,NA,NA,NA,NA,NA,NA,NA,NA
